Player Name,Rounds,Green In Regulation Percentage,Greens Hit,Holes,Relative/Par,Year
Henrik Stenson,60,73.51,741,"1,008",-0.26,2018
Sam Ryder,82,72.08,"1,038","1,440",-0.26,2018
Billy Horschel,86,71.75,"1,059","1,476",-0.28,2018
Kevin Streelman,94,71.56,"1,185","1,656",-0.24,2018
C.T. Pan,104,71.20,"1,256","1,764",-0.26,2018
Kyle Stanley,93,71.09,"1,126","1,584",-0.26,2018
Patrick Cantlay,87,70.69,"1,018","1,440",-0.27,2018
Adam Scott,78,70.66,992,"1,404",-0.25,2018
Dustin Johnson,77,70.57,940,"1,332",-0.37,2018
J.J. Henry,81,70.52,952,"1,350",-0.21,2018
Gary Woodland,96,70.51,"1,155","1,638",-0.27,2018
Andrew Putnam,97,70.47,"1,129","1,602",-0.24,2018
Jordan Spieth,81,70.47,964,"1,368",-0.29,2018
Jason Kokrak,99,70.37,"1,254","1,782",-0.28,2018
Brett Stegmaier,67,70.31,772,"1,098",-0.26,2018
Francesco Molinari,73,70.24,885,"1,260",-0.26,2018
Corey Conners,97,70.19,"1,175","1,674",-0.24,2018
Tony Finau,105,70.18,"1,238","1,764",-0.32,2018
Rafa Cabrera Bello,75,70.16,884,"1,260",-0.27,2018
Jon Rahm,71,70.12,833,"1,188",-0.31,2018
Michael Thompson,62,70.11,732,"1,044",-0.26,2018
Blayne Barber,69,69.98,844,"1,206",-0.26,2018
Justin Rose,70,69.95,831,"1,188",-0.32,2018
Scott Piercy,84,69.72,"1,004","1,440",-0.24,2018
Bryson DeChambeau,93,69.65,"1,166","1,674",-0.30,2018
Tyler Duncan,97,69.65,"1,166","1,674",-0.24,2018
Russell Knox,94,69.57,"1,127","1,620",-0.24,2018
Cameron Percy,56,69.56,626,900,-0.29,2018
Rickie Fowler,74,69.52,926,"1,332",-0.30,2018
J.J. Spaun,85,69.48,988,"1,422",-0.28,2018
Keith Mitchell,99,69.42,"1,212","1,746",-0.28,2018
Tommy Fleetwood,73,69.36,824,"1,188",-0.32,2018
Charles Howell III,104,69.33,"1,248","1,800",-0.26,2018
Hideki Matsuyama,75,69.29,898,"1,296",-0.30,2018
Brendan Steele,74,69.24,835,"1,206",-0.24,2018
Keegan Bradley,98,69.18,"1,158","1,674",-0.27,2018
Patton Kizzire,92,69.04,"1,106","1,602",-0.27,2018
Hudson Swafford,73,68.99,832,"1,206",-0.25,2018
Hunter Mahan,67,68.96,782,"1,134",-0.28,2018
David Hearn,66,68.89,744,"1,080",-0.26,2018
Emiliano Grillo,94,68.84,"1,140","1,656",-0.28,2018
Joel Dahmen,93,68.82,"1,053","1,530",-0.26,2018
Aaron Wise,90,68.81,"1,090","1,584",-0.29,2018
Ryan Moore,78,68.80,966,"1,404",-0.26,2018
Russell Henley,77,68.77,916,"1,332",-0.26,2018
Justin Thomas,91,68.77,"1,015","1,476",-0.33,2018
Chez Reavie,93,68.67,"1,063","1,548",-0.27,2018
Shane Lowry,64,68.65,692,"1,008",-0.25,2018
Stewart Cink,87,68.58,"1,074","1,566",-0.27,2018
Bronson Burgoon,69,68.44,850,"1,242",-0.28,2018
Luke List,98,68.36,"1,169","1,710",-0.27,2018
J.T. Poston,73,68.31,873,"1,278",-0.28,2018
James Hahn,85,68.29,"1,008","1,476",-0.26,2018
Brooks Koepka,64,68.28,762,"1,116",-0.31,2018
Chris Kirk,108,68.24,"1,302","1,908",-0.27,2018
Ryan Armour,109,68.22,"1,314","1,926",-0.25,2018
Bubba Watson,90,68.21,970,"1,422",-0.28,2018
Nate Lashley,51,68.20,577,846,-0.24,2018
Jonathan Byrd,70,68.19,761,"1,116",-0.25,2018
Denny McCarthy,71,68.17,773,"1,134",-0.26,2018
Adam Hadwin,92,68.04,"1,090","1,602",-0.25,2018
Nicholas Lindheim,77,68.04,845,"1,242",-0.26,2018
Byeong Hun An,86,67.99,"1,028","1,512",-0.26,2018
Nick Watney,94,67.96,"1,101","1,620",-0.28,2018
Beau Hossler,104,67.95,"1,272","1,872",-0.29,2018
Webb Simpson,95,67.93,"1,125","1,656",-0.29,2018
Adam Schenk,86,67.92,978,"1,440",-0.24,2018
Peter Uihlein,83,67.88,953,"1,404",-0.27,2018
Johnson Wagner,75,67.87,843,"1,242",-0.28,2018
Fabián Gómez,88,67.86,"1,026","1,512",-0.25,2018
Rory Sabbatini,91,67.85,"1,087","1,602",-0.26,2018
Paul Casey,74,67.84,867,"1,278",-0.27,2018
Harold Varner III,91,67.79,"1,086","1,602",-0.25,2018
Pat Perez,82,67.78,915,"1,350",-0.27,2018
Chesson Hadley,103,67.68,"1,206","1,782",-0.30,2018
Nick Taylor,94,67.65,"1,096","1,620",-0.24,2018
Brian Harman,94,67.59,"1,095","1,620",-0.26,2018
William McGirt,84,67.59,949,"1,404",-0.24,2018
Shawn Stefani,76,67.49,899,"1,332",-0.27,2018
Zach Johnson,94,67.43,"1,056","1,566",-0.29,2018
Lanto Griffin,80,67.42,898,"1,332",-0.27,2018
Tiger Woods,68,67.40,825,"1,224",-0.30,2018
Lucas Glover,65,67.12,737,"1,098",-0.24,2018
Brian Stuard,103,67.12,"1,172","1,746",-0.25,2018
Stephan Jaeger,81,67.11,906,"1,350",-0.25,2018
Branden Grace,67,67.10,773,"1,152",-0.27,2018
Tom Lovelady,87,67.08,978,"1,458",-0.29,2018
Xinjun Zhang,81,67.04,905,"1,350",-0.24,2018
Vaughn Taylor,83,67.02,953,"1,422",-0.27,2018
Ian Poulter,73,67.01,772,"1,152",-0.26,2018
Richy Werenski,98,66.97,"1,109","1,656",-0.26,2018
Daniel Berger,81,66.89,915,"1,368",-0.26,2018
Kevin Tway,110,66.88,"1,252","1,872",-0.29,2018
Matt Kuchar,88,66.81,962,"1,440",-0.27,2018
Brice Garnett,99,66.78,"1,142","1,710",-0.26,2018
Marc Leishman,93,66.67,"1,080","1,620",-0.30,2018
Steve Wheatcroft,60,66.57,695,"1,044",-0.26,2018
Charley Hoffman,87,66.53,958,"1,440",-0.27,2018
Kevin Chappell,77,66.52,886,"1,332",-0.27,2018
Austin Cook,107,66.51,"1,281","1,926",-0.27,2018
Abraham Ancer,98,66.49,"1,149","1,728",-0.27,2018
Matt Jones,70,66.49,742,"1,116",-0.27,2018
Zac Blair,64,66.48,694,"1,044",-0.27,2018
Tyrrell Hatton,58,66.46,646,972,-0.24,2018
Martin Flores,92,66.34,"1,027","1,548",-0.26,2018
Rory McIlroy,64,66.30,728,"1,098",-0.31,2018
Conrad Shindler,60,66.27,668,"1,008",-0.26,2018
Ryan Blaum,81,66.10,928,"1,404",-0.27,2018
Mackenzie Hughes,80,66.01,903,"1,368",-0.27,2018
Martin Laird,73,65.90,771,"1,170",-0.29,2018
John Huh,94,65.80,"1,066","1,620",-0.29,2018
Louis Oosthuizen,62,65.74,639,972,-0.23,2018
Brandon Harkins,101,65.67,"1,123","1,710",-0.31,2018
Scott Brown,102,65.65,"1,158","1,764",-0.27,2018
Patrick Rodgers,97,65.65,"1,099","1,674",-0.28,2018
Andrew Landry,82,65.63,945,"1,440",-0.27,2018
Scott Stallings,96,65.62,"1,063","1,620",-0.26,2018
Ryan Palmer,69,65.61,744,"1,134",-0.30,2018
Xander Schauffele,96,65.59,"1,098","1,674",-0.29,2018
Chad Campbell,87,65.54,932,"1,422",-0.21,2018
Cameron Tringale,67,65.52,743,"1,134",-0.23,2018
Kevin Kisner,89,65.38,918,"1,404",-0.28,2018
Trey Mullinax,75,65.38,812,"1,242",-0.29,2018
Jason Day,75,65.28,799,"1,224",-0.33,2018
Robert Garrigus,80,65.28,893,"1,368",-0.26,2018
J.B. Holmes,77,65.26,881,"1,350",-0.28,2018
Tyrone Van Aswegen,101,65.23,"1,092","1,674",-0.26,2018
Seamus Power,86,65.17,915,"1,404",-0.27,2018
Jhonattan Vegas,92,65.17,"1,044","1,602",-0.25,2018
Troy Merritt,89,65.16,997,"1,530",-0.29,2018
Danny Lee,88,65.05,"1,007","1,548",-0.29,2018
Brandt Snedeker,84,65.04,960,"1,476",-0.29,2018
Sam Saunders,80,65.02,866,"1,332",-0.30,2018
Ben Silverman,90,64.95,982,"1,512",-0.27,2018
Robert Streb,78,64.94,865,"1,332",-0.24,2018
Alex Noren,67,64.91,701,"1,080",-0.28,2018
Ben Crane,65,64.88,689,"1,062",-0.26,2018
Phil Mickelson,90,64.88,"1,016","1,566",-0.34,2018
Ethan Tracy,72,64.87,794,"1,224",-0.26,2018
Bill Haas,76,64.79,863,"1,332",-0.23,2018
Anirban Lahiri,82,64.70,955,"1,476",-0.27,2018
Kevin Na,91,64.66,"1,001","1,548",-0.31,2018
Jamie Lovemark,92,64.65,"1,024","1,584",-0.29,2018
Matt Every,79,64.59,872,"1,350",-0.26,2018
Brian Gay,103,64.52,"1,173","1,818",-0.30,2018
Graeme McDowell,67,64.50,685,"1,062",-0.24,2018
Bud Cauley,55,64.26,613,954,-0.26,2018
Jason Dufner,71,64.24,740,"1,152",-0.24,2018
Rob Oppenheim,74,64.05,784,"1,224",-0.26,2018
Ben Martin,64,63.98,737,"1,152",-0.28,2018
Sean O'Hair,67,63.84,724,"1,134",-0.27,2018
Kelly Kraft,94,63.83,"1,057","1,656",-0.25,2018
Si Woo Kim,108,63.78,"1,194","1,872",-0.27,2018
Alex Cejka,77,63.77,792,"1,242",-0.27,2018
Ricky Barnes,65,63.75,677,"1,062",-0.32,2018
Roberto Díaz,72,63.73,780,"1,224",-0.23,2018
Zecheng Dou,53,63.72,562,882,-0.21,2018
Tom Hoge,101,63.62,"1,065","1,674",-0.28,2018
Talor Gooch,78,63.58,824,"1,296",-0.26,2018
Patrick Reed,94,63.57,984,"1,548",-0.30,2018
Whee Kim,93,63.55,"1,018","1,602",-0.29,2018
Matt Atkins,56,63.46,594,936,-0.26,2018
Aaron Baddeley,84,63.39,890,"1,404",-0.26,2018
Harris English,84,63.32,889,"1,404",-0.29,2018
Sung Kang,89,63.20,967,"1,530",-0.28,2018
Jim Furyk,50,63.19,546,864,-0.23,2018
Cameron Smith,85,63.18,887,"1,404",-0.30,2018
David Lingmerth,82,63.03,885,"1,404",-0.30,2018
"Ted Potter, Jr.",87,63.03,987,"1,566",-0.27,2018
Billy Hurley III,70,63.02,726,"1,152",-0.25,2018
Peter Malnati,87,62.99,941,"1,494",-0.30,2018
Chris Stroud,81,62.94,827,"1,314",-0.27,2018
Ollie Schniederjans,91,62.77,983,"1,566",-0.31,2018
Rod Pampling,62,62.64,654,"1,044",-0.23,2018
Grayson Murray,72,62.50,810,"1,296",-0.30,2018
Cody Gribble,71,62.48,731,"1,170",-0.28,2018
Kyle Thompson,50,62.44,517,828,-0.22,2018
Kiradech Aphibarnrat,51,62.20,515,828,-0.27,2018
Jonas Blixt,67,62.02,681,"1,098",-0.24,2018
Jimmy Walker,81,61.90,858,"1,386",-0.29,2018
Andrew Yun,51,61.85,501,810,-0.22,2018
Retief Goosen,60,61.75,578,936,-0.25,2018
Wesley Bryan,69,61.28,739,"1,206",-0.27,2018
Charl Schwartzel,65,61.11,638,"1,044",-0.25,2018
Dominic Bozzelli,65,60.94,713,"1,170",-0.28,2018
Michael Kim,74,60.63,764,"1,260",-0.28,2018
Jonathan Randolph,71,60.43,707,"1,170",-0.24,2018
Martin Piller,79,60.39,837,"1,386",-0.27,2018
Derek Fathauer,84,60.35,869,"1,440",-0.29,2018
Satoshi Kodaira,51,60.30,521,864,-0.22,2018
D.A. Points,63,60.20,661,"1,098",-0.26,2018
Greg Chalmers,56,56.94,533,936,-0.27,2018
Daniel Summerhays,51,56.79,460,810,-0.28,2018
Martin Flores,88,70.64,"1,030","1,458",-0.25,2017
Kyle Stanley,104,70.39,"1,267","1,800",-0.26,2017
Lucas Glover,93,70.08,"1,110","1,584",-0.27,2017
Jordan Spieth,85,69.97,932,"1,332",-0.35,2017
Ryan Armour,63,69.96,743,"1,062",-0.23,2017
Paul Casey,94,69.96,"1,083","1,548",-0.27,2017
Cameron Percy,71,69.91,818,"1,170",-0.23,2017
Sergio Garcia,65,69.73,728,"1,044",-0.26,2017
Dustin Johnson,77,69.61,852,"1,224",-0.31,2017
Robert Garrigus,78,69.52,901,"1,296",-0.28,2017
J.J. Henry,92,69.44,"1,075","1,548",-0.21,2017
Gary Woodland,94,69.35,"1,061","1,530",-0.26,2017
Patrick Cantlay,52,69.21,598,864,-0.29,2017
Hideki Matsuyama,83,69.14,896,"1,296",-0.32,2017
Luke List,102,69.10,"1,219","1,764",-0.29,2017
Chad Campbell,97,69.07,"1,206","1,746",-0.24,2017
Tony Finau,106,68.96,"1,291","1,872",-0.30,2017
Keegan Bradley,104,68.93,"1,216","1,764",-0.28,2017
Jon Rahm,90,68.79,"1,003","1,458",-0.30,2017
Boo Weekley,75,68.65,902,"1,314",-0.22,2017
Graham DeLaet,82,68.57,938,"1,368",-0.27,2017
Stewart Cink,93,68.54,"1,098","1,602",-0.28,2017
Hudson Swafford,94,68.21,"1,105","1,620",-0.27,2017
Billy Horschel,88,68.19,"1,031","1,512",-0.23,2017
Justin Rose,66,68.19,761,"1,116",-0.29,2017
Jim Herman,77,68.07,919,"1,350",-0.25,2017
Scott Stallings,81,67.89,941,"1,386",-0.25,2017
Xander Schauffele,96,67.74,"1,073","1,584",-0.29,2017
Andres Gonzales,73,67.71,841,"1,242",-0.26,2017
Harold Varner III,101,67.68,"1,206","1,782",-0.25,2017
Blayne Barber,77,67.61,864,"1,278",-0.27,2017
Shane Lowry,52,67.53,547,810,-0.28,2017
C.T. Pan,88,67.53,"1,021","1,512",-0.23,2017
Ryan Brehm,83,67.50,887,"1,314",-0.26,2017
Shawn Stefani,72,67.48,826,"1,224",-0.24,2017
Richy Werenski,81,67.42,898,"1,332",-0.25,2017
Bud Cauley,92,67.38,"1,043","1,548",-0.27,2017
Marc Leishman,94,67.38,"1,043","1,548",-0.29,2017
Rory Sabbatini,71,67.35,788,"1,170",-0.28,2017
Justin Thomas,86,67.33,909,"1,350",-0.36,2017
Russell Henley,99,67.32,"1,127","1,674",-0.28,2017
Brendan Steele,89,67.29,969,"1,440",-0.27,2017
Bill Haas,92,67.28,981,"1,458",-0.24,2017
William McGirt,89,67.23,956,"1,422",-0.24,2017
Francesco Molinari,75,67.22,847,"1,260",-0.27,2017
Jason Dufner,89,67.15,967,"1,440",-0.28,2017
J.J. Spaun,92,67.12,"1,039","1,548",-0.26,2017
Emiliano Grillo,90,67.06,"1,026","1,530",-0.26,2017
Charles Howell III,86,67.01,989,"1,476",-0.27,2017
Rickie Fowler,78,66.98,868,"1,296",-0.32,2017
Jason Kokrak,95,66.97,"1,097","1,638",-0.25,2017
Daniel Berger,91,66.93,"1,012","1,512",-0.29,2017
Johnson Wagner,71,66.93,759,"1,134",-0.24,2017
Chez Reavie,98,66.91,"1,096","1,638",-0.28,2017
Rick Lamb,54,66.89,602,900,-0.26,2017
Adam Scott,58,66.87,674,"1,008",-0.27,2017
Scott Piercy,70,66.84,782,"1,170",-0.29,2017
D.A. Points,68,66.83,818,"1,224",-0.24,2017
Julián Etulain,68,66.75,757,"1,134",-0.24,2017
Brett Stegmaier,78,66.74,913,"1,368",-0.24,2017
Chris Kirk,89,66.73,997,"1,494",-0.28,2017
Kevin Streelman,90,66.67,"1,056","1,584",-0.25,2017
Vaughn Taylor,90,66.67,"1,008","1,512",-0.27,2017
Matt Kuchar,95,66.60,"1,055","1,584",-0.26,2017
Ben Martin,86,66.60,947,"1,422",-0.25,2017
Russell Knox,75,66.58,815,"1,224",-0.25,2017
Alex Cejka,85,66.45,921,"1,386",-0.22,2017
Kevin Kisner,105,66.43,"1,124","1,692",-0.25,2017
Nick Watney,75,66.43,825,"1,242",-0.24,2017
Tyrone Van Aswegen,105,66.38,"1,159","1,746",-0.24,2017
Trey Mullinax,88,66.24,930,"1,404",-0.29,2017
Branden Grace,70,66.20,703,"1,062",-0.24,2017
Chris Stroud,67,66.20,703,"1,062",-0.26,2017
Sean O'Hair,84,66.19,977,"1,476",-0.27,2017
Nick Taylor,97,66.14,"1,131","1,710",-0.24,2017
Charley Hoffman,112,66.13,"1,238","1,872",-0.30,2017
Danny Lee,93,66.10,"1,059","1,602",-0.28,2017
James Hahn,96,66.09,"1,142","1,728",-0.25,2017
Sung Kang,104,66.07,"1,213","1,836",-0.28,2017
Tom Hoge,54,66.06,547,828,-0.28,2017
Brandt Snedeker,53,66.06,547,828,-0.28,2017
Pat Perez,93,66.04,"1,046","1,584",-0.29,2017
Ollie Schniederjans,92,66.03,"1,034","1,566",-0.28,2017
Kyle Reifers,96,65.97,"1,045","1,584",-0.22,2017
Jamie Lovemark,98,65.94,"1,092","1,656",-0.28,2017
Rory McIlroy,51,65.94,546,828,-0.29,2017
Tag Ridings,67,65.91,700,"1,062",-0.29,2017
Jhonattan Vegas,95,65.91,"1,044","1,584",-0.26,2017
Ryan Palmer,61,65.90,605,918,-0.21,2017
Patrick Rodgers,76,65.84,877,"1,332",-0.22,2017
John Huh,92,65.78,"1,042","1,584",-0.24,2017
Bryson DeChambeau,91,65.77,"1,030","1,566",-0.26,2017
Jim Furyk,54,65.72,556,846,-0.22,2017
J.T. Poston,95,65.69,"1,005","1,530",-0.30,2017
Ben Crane,86,65.68,934,"1,422",-0.24,2017
Michael Kim,94,65.68,"1,064","1,620",-0.27,2017
Nicholas Lindheim,58,65.67,662,"1,008",-0.25,2017
Seamus Power,86,65.63,945,"1,440",-0.28,2017
Martin Laird,83,65.61,933,"1,422",-0.28,2017
Mark Anderson,54,65.60,614,936,-0.24,2017
Seung-Yul Noh,91,65.58,"1,027","1,566",-0.27,2017
Spencer Levin,89,65.56,"1,003","1,530",-0.22,2017
Geoff Ogilvy,80,65.51,849,"1,296",-0.23,2017
Kevin Na,86,65.46,919,"1,404",-0.27,2017
Mark Hubbard,81,65.39,871,"1,332",-0.23,2017
Ryan Blaum,100,65.28,"1,128","1,728",-0.27,2017
Smylie Kaufman,76,65.26,834,"1,278",-0.28,2017
Webb Simpson,102,65.26,"1,116","1,710",-0.28,2017
Sam Saunders,76,65.24,822,"1,260",-0.28,2017
Robert Streb,98,65.19,"1,103","1,692",-0.26,2017
Steven Alker,69,65.17,739,"1,134",-0.24,2017
Louis Oosthuizen,69,65.13,680,"1,044",-0.25,2017
Kevin Chappell,95,65.05,"1,007","1,548",-0.28,2017
Ryan Moore,82,65.05,925,"1,422",-0.28,2017
Miguel Angel Carballo,63,64.91,666,"1,026",-0.25,2017
Adam Hadwin,98,64.89,"1,098","1,692",-0.29,2017
Brett Drewitt,57,64.78,618,954,-0.22,2017
Mackenzie Hughes,106,64.74,"1,212","1,872",-0.26,2017
David Hearn,93,64.71,990,"1,530",-0.24,2017
Troy Merritt,82,64.71,862,"1,332",-0.26,2017
Kevin Tway,96,64.71,"1,025","1,584",-0.28,2017
Zac Blair,105,64.70,"1,153","1,782",-0.24,2017
Fabián Gómez,61,64.69,687,"1,062",-0.25,2017
Hunter Mahan,73,64.55,825,"1,278",-0.23,2017
Byeong Hun An,77,64.52,813,"1,260",-0.25,2017
Brandon Hagy,85,64.50,894,"1,386",-0.28,2017
Ian Poulter,72,64.46,789,"1,224",-0.25,2017
Cameron Tringale,89,64.39,962,"1,494",-0.26,2017
Scott Brown,95,64.35,"1,054","1,638",-0.27,2017
Brad Fritsch,56,64.21,601,936,-0.23,2017
Zach Johnson,81,64.16,843,"1,314",-0.27,2017
Rod Pampling,71,64.01,818,"1,278",-0.21,2017
Jason Day,71,63.98,737,"1,152",-0.34,2017
Tim Wilkinson,64,63.98,668,"1,044",-0.27,2017
Grayson Murray,94,63.95,"1,036","1,620",-0.30,2017
Roberto Castro,70,63.89,759,"1,188",-0.20,2017
Retief Goosen,52,63.89,529,828,-0.25,2017
Jimmy Walker,68,63.75,677,"1,062",-0.27,2017
Harris English,84,63.73,826,"1,296",-0.26,2017
Ken Duke,77,63.69,814,"1,278",-0.24,2017
Michael Thompson,60,63.69,642,"1,008",-0.24,2017
Billy Hurley III,80,63.61,916,"1,440",-0.26,2017
Brian Stuard,93,63.59,973,"1,530",-0.26,2017
Morgan Hoffmann,92,63.57,"1,007","1,584",-0.27,2017
Ricky Barnes,100,63.53,"1,052","1,656",-0.27,2017
Brian Gay,82,63.53,892,"1,404",-0.27,2017
Patton Kizzire,84,63.52,869,"1,368",-0.27,2017
Anirban Lahiri,72,63.43,822,"1,296",-0.32,2017
Brian Campbell,55,63.29,581,918,-0.28,2017
Ryo Ishikawa,56,63.29,638,"1,008",-0.26,2017
Brian Harman,104,63.19,"1,092","1,728",-0.29,2017
Jason Bohn,75,63.15,807,"1,278",-0.21,2017
Kelly Kraft,75,63.15,807,"1,278",-0.25,2017
Sebastián Muñoz,51,63.15,557,882,-0.27,2017
Cameron Smith,86,63.14,932,"1,476",-0.31,2017
Matt Jones,64,63.10,636,"1,008",-0.26,2017
K.J. Choi,72,63.05,749,"1,188",-0.25,2017
Daniel Summerhays,100,63.02,"1,021","1,620",-0.28,2017
Bubba Watson,71,63.02,692,"1,098",-0.27,2017
Phil Mickelson,85,62.85,905,"1,440",-0.32,2017
David Lingmerth,79,62.83,803,"1,278",-0.29,2017
Derek Fathauer,81,62.81,848,"1,350",-0.29,2017
Jonathan Randolph,68,62.71,666,"1,062",-0.26,2017
Cody Gribble,79,62.70,869,"1,386",-0.29,2017
Rafa Cabrera Bello,63,62.60,631,"1,008",-0.26,2017
Aaron Baddeley,61,62.57,642,"1,026",-0.28,2017
Graeme McDowell,56,62.55,608,972,-0.28,2017
Peter Malnati,91,62.48,956,"1,530",-0.27,2017
Brooks Koepka,88,62.28,852,"1,368",-0.35,2017
Gonzalo Fernandez-Castaño,63,62.20,627,"1,008",-0.26,2017
J.B. Holmes,83,62.19,806,"1,296",-0.30,2017
Whee Kim,74,62.09,760,"1,224",-0.29,2017
Patrick Reed,107,62.09,"1,073","1,728",-0.29,2017
Søren Kjeldsen,58,62.02,547,882,-0.26,2017
Dominic Bozzelli,69,61.97,725,"1,170",-0.25,2017
Luke Donald,50,61.92,535,864,-0.27,2017
Camilo Villegas,76,61.88,802,"1,296",-0.30,2017
Bryce Molder,74,61.79,823,"1,332",-0.24,2017
Charl Schwartzel,63,61.69,644,"1,044",-0.29,2017
Jonas Blixt,74,61.51,775,"1,260",-0.29,2017
Steve Wheatcroft,51,60.99,516,846,-0.24,2017
Chad Collins,66,60.93,680,"1,116",-0.25,2017
Wesley Bryan,95,60.92,976,"1,602",-0.28,2017
Matt Every,76,60.16,758,"1,260",-0.30,2017
Greg Chalmers,75,59.86,765,"1,278",-0.26,2017
Andrew Loupe,55,59.83,560,936,-0.26,2017
Si Woo Kim,80,58.84,752,"1,278",-0.24,2017
Carl Pettersson,63,57.91,615,"1,062",-0.28,2017
Ernie Els,52,56.60,489,864,-0.26,2017
Steven Bowditch,59,53.54,530,990,-0.18,2017
Lucas Glover,75,71.63,967,"1,350",-0.27,2016
Paul Casey,77,70.80,943,"1,332",-0.25,2016
Adam Scott,79,70.76,968,"1,368",-0.29,2016
Stewart Cink,61,70.40,773,"1,098",-0.25,2016
Thomas Aiken,70,70.20,834,"1,188",-0.21,2016
Jason Dufner,105,70.15,"1,288","1,836",-0.25,2016
Sergio Garcia,54,70.15,644,918,-0.26,2016
Greg Owen,85,69.75,"1,017","1,458",-0.23,2016
Russell Knox,92,69.73,"1,117","1,602",-0.24,2016
Jhonattan Vegas,97,69.71,"1,167","1,674",-0.26,2016
Rory McIlroy,69,69.62,777,"1,116",-0.32,2016
Keegan Bradley,82,69.58,"1,027","1,476",-0.24,2016
Johnson Wagner,86,69.38,"1,074","1,548",-0.25,2016
Robert Garrigus,69,69.32,811,"1,170",-0.29,2016
Rickie Fowler,80,69.26,960,"1,386",-0.28,2016
Patrick Rodgers,89,69.22,"1,059","1,530",-0.26,2016
Kevin Streelman,82,69.17,"1,021","1,476",-0.25,2016
Bubba Watson,72,69.16,859,"1,242",-0.28,2016
Roberto Castro,97,69.13,"1,207","1,746",-0.27,2016
Scott Pinckney,87,69.02,"1,056","1,530",-0.25,2016
John Senden,88,68.86,"1,066","1,548",-0.25,2016
Hudson Swafford,104,68.80,"1,288","1,872",-0.28,2016
Gary Woodland,95,68.74,"1,126","1,638",-0.27,2016
Charl Schwartzel,73,68.73,866,"1,260",-0.26,2016
Brendan Steele,88,68.72,"1,039","1,512",-0.26,2016
Jason Kokrak,89,68.66,"1,100","1,602",-0.26,2016
Emiliano Grillo,93,68.52,"1,110","1,620",-0.26,2016
Graham DeLaet,70,68.35,812,"1,188",-0.28,2016
Jim Furyk,52,68.27,639,936,-0.22,2016
Russell Henley,76,68.27,934,"1,368",-0.25,2016
David Hearn,95,68.25,"1,167","1,710",-0.26,2016
Henrik Norlander,71,68.24,823,"1,206",-0.25,2016
Chad Campbell,90,68.15,"1,104","1,620",-0.25,2016
Louis Oosthuizen,63,68.15,687,"1,008",-0.25,2016
Rhein Gibson,58,68.11,662,972,-0.22,2016
Hideki Matsuyama,76,68.11,895,"1,314",-0.30,2016
Chez Reavie,90,68.09,"1,054","1,548",-0.26,2016
Charles Howell III,91,68.01,"1,114","1,638",-0.29,2016
Alex Cejka,71,67.99,820,"1,206",-0.28,2016
Justin Rose,65,67.92,758,"1,116",-0.27,2016
Boo Weekley,83,67.87,"1,014","1,494",-0.26,2016
Ryan Palmer,86,67.83,"1,050","1,548",-0.29,2016
Dustin Johnson,87,67.82,"1,001","1,476",-0.36,2016
Matt Kuchar,100,67.82,"1,172","1,728",-0.28,2016
Billy Horschel,73,67.70,853,"1,260",-0.27,2016
Daniel Berger,92,67.67,"1,084","1,602",-0.28,2016
Martin Laird,82,67.66,950,"1,404",-0.27,2016
Kyle Reifers,115,67.62,"1,351","1,998",-0.27,2016
J.J. Henry,68,67.51,802,"1,188",-0.18,2016
Kelly Kraft,63,67.42,716,"1,062",-0.27,2016
William McGirt,98,67.35,"1,188","1,764",-0.26,2016
Scott Piercy,87,67.33,"1,018","1,512",-0.26,2016
Jason Day,76,67.23,835,"1,242",-0.34,2016
Luke List,79,67.17,931,"1,386",-0.26,2016
Sean O'Hair,89,67.17,"1,076","1,602",-0.28,2016
Kyle Stanley,92,67.17,"1,076","1,602",-0.25,2016
Bill Haas,86,67.14,991,"1,476",-0.23,2016
Webb Simpson,70,67.14,846,"1,260",-0.26,2016
Brooks Koepka,75,66.98,844,"1,260",-0.31,2016
Brett Stegmaier,87,66.80,"1,022","1,530",-0.25,2016
Branden Grace,63,66.76,721,"1,080",-0.26,2016
Dawie van der Walt,72,66.75,841,"1,260",-0.26,2016
Blayne Barber,84,66.74,961,"1,440",-0.25,2016
Ben Martin,92,66.73,"1,057","1,584",-0.28,2016
Kevin Na,96,66.73,"1,117","1,674",-0.28,2016
Jerry Kelly,76,66.67,912,"1,368",-0.24,2016
Chris Stroud,82,66.60,959,"1,440",-0.27,2016
Jason Gore,78,66.52,886,"1,332",-0.26,2016
Shawn Stefani,91,66.48,"1,041","1,566",-0.23,2016
Will MacKenzie,84,66.39,956,"1,440",-0.23,2016
Kevin Chappell,93,66.37,"1,111","1,674",-0.27,2016
Jason Bohn,67,66.33,800,"1,206",-0.28,2016
Spencer Levin,104,66.33,"1,194","1,800",-0.27,2016
Smylie Kaufman,91,66.29,"1,050","1,584",-0.29,2016
Bronson Burgoon,83,66.24,942,"1,422",-0.25,2016
Harold Varner III,92,66.24,"1,097","1,656",-0.25,2016
John Huh,86,66.21,"1,013","1,530",-0.24,2016
Robert Streb,87,66.20,"1,001","1,512",-0.23,2016
Derek Ernst,59,66.18,679,"1,026",-0.21,2016
Michael Thompson,71,66.18,810,"1,224",-0.28,2016
Andres Gonzales,80,66.17,929,"1,404",-0.25,2016
Scott Stallings,74,66.11,833,"1,260",-0.25,2016
Adam Hadwin,93,66.07,"1,106","1,674",-0.30,2016
Phil Mickelson,75,66.05,856,"1,296",-0.31,2016
Steve Marino,72,66.01,808,"1,224",-0.25,2016
Nick Taylor,83,65.82,936,"1,422",-0.27,2016
Ryan Moore,86,65.78,959,"1,458",-0.28,2016
Ricky Barnes,97,65.77,"1,101","1,674",-0.29,2016
Whee Kim,82,65.74,923,"1,404",-0.23,2016
Brandt Snedeker,93,65.67,"1,052","1,602",-0.28,2016
Cameron Tringale,81,65.66,910,"1,386",-0.27,2016
Jim Herman,93,65.65,"1,099","1,674",-0.24,2016
Brendon de Jonge,83,65.64,957,"1,458",-0.25,2016
Justin Thomas,99,65.63,"1,134","1,728",-0.29,2016
Tyler Aldridge,83,65.54,932,"1,422",-0.24,2016
David Toms,62,65.50,731,"1,116",-0.21,2016
K.J. Choi,73,65.37,859,"1,314",-0.26,2016
D.A. Points,55,65.36,600,918,-0.24,2016
Jamie Lovemark,91,65.32,"1,070","1,638",-0.28,2016
Marc Leishman,89,65.31,"1,011","1,548",-0.27,2016
Chesson Hadley,81,65.26,928,"1,422",-0.25,2016
Sung Kang,89,65.26,"1,022","1,566",-0.27,2016
Colt Knost,90,65.25,"1,010","1,548",-0.25,2016
Kevin Kisner,97,65.19,"1,103","1,692",-0.30,2016
J.B. Holmes,77,65.17,868,"1,332",-0.29,2016
Tony Finau,95,65.09,"1,113","1,710",-0.29,2016
Scott Brown,88,65.03,"1,030","1,584",-0.27,2016
Mark Wilson,66,64.96,725,"1,116",-0.21,2016
Francesco Molinari,64,64.93,748,"1,152",-0.25,2016
Freddie Jacobson,86,64.86,"1,004","1,548",-0.28,2016
Brian Harman,104,64.85,"1,214","1,872",-0.28,2016
Harris English,97,64.83,"1,132","1,746",-0.26,2016
Si Woo Kim,113,64.83,"1,272","1,962",-0.29,2016
Tyrone Van Aswegen,105,64.81,"1,190","1,836",-0.25,2016
Tim Wilkinson,72,64.71,792,"1,224",-0.27,2016
Patrick Reed,105,64.65,"1,152","1,782",-0.30,2016
Andrew Landry,53,64.63,570,882,-0.25,2016
Luke Donald,81,64.61,942,"1,458",-0.23,2016
James Hahn,85,64.58,988,"1,530",-0.25,2016
Charley Hoffman,91,64.58,"1,023","1,584",-0.25,2016
Seung-Yul Noh,85,64.54,941,"1,458",-0.27,2016
Zach Johnson,90,64.53,999,"1,548",-0.27,2016
Shane Lowry,57,64.51,627,972,-0.24,2016
Patton Kizzire,93,64.48,"1,033","1,602",-0.27,2016
Graeme McDowell,63,64.44,696,"1,080",-0.25,2016
Carlos Ortiz,79,64.44,870,"1,350",-0.27,2016
Vaughn Taylor,72,64.43,835,"1,296",-0.28,2016
Sam Saunders,69,64.36,753,"1,170",-0.25,2016
Martin Piller,59,64.33,660,"1,026",-0.25,2016
Rory Sabbatini,57,64.30,625,972,-0.23,2016
George McNeill,51,64.16,589,918,-0.24,2016
Chris Kirk,90,64.05,980,"1,530",-0.25,2016
Rod Pampling,54,64.00,576,900,-0.23,2016
David Lingmerth,84,63.99,910,"1,422",-0.27,2016
Matt Jones,83,63.96,921,"1,440",-0.28,2016
Jimmy Walker,85,63.96,944,"1,476",-0.30,2016
Danny Lee,93,63.95,"1,036","1,620",-0.26,2016
Scott Langley,65,63.93,725,"1,134",-0.22,2016
Jeff Overton,69,63.85,747,"1,170",-0.22,2016
Robert Allenby,51,63.73,585,918,-0.19,2016
Fabián Gómez,82,63.71,906,"1,422",-0.27,2016
Geoff Ogilvy,63,63.65,676,"1,062",-0.26,2016
Ben Crane,80,63.60,870,"1,368",-0.26,2016
Rob Oppenheim,67,63.58,721,"1,134",-0.24,2016
Mark Hubbard,101,63.52,"1,109","1,746",-0.27,2016
Jordan Spieth,80,63.52,869,"1,368",-0.34,2016
Willy Wilcox,67,63.42,742,"1,170",-0.28,2016
Andrew Loupe,75,63.41,856,"1,350",-0.31,2016
Brian Stuard,66,63.30,752,"1,188",-0.24,2016
Morgan Hoffmann,71,63.27,763,"1,206",-0.29,2016
Wes Roach,59,63.23,626,990,-0.28,2016
Luke Guthrie,57,63.13,625,990,-0.30,2016
Troy Merritt,77,63.13,875,"1,386",-0.29,2016
Aaron Baddeley,93,63.11,"1,011","1,602",-0.29,2016
Ángel Cabrera,62,63.08,704,"1,116",-0.23,2016
Jon Curran,99,63.02,"1,123","1,782",-0.26,2016
Daniel Summerhays,99,63.02,"1,123","1,782",-0.30,2016
Steve Stricker,53,63.00,601,954,-0.29,2016
Padraig Harrington,54,62.96,612,972,-0.26,2016
Michael Kim,100,62.96,"1,088","1,728",-0.26,2016
Anirban Lahiri,72,62.88,781,"1,242",-0.28,2016
Hunter Mahan,61,62.75,689,"1,098",-0.26,2016
Retief Goosen,55,62.73,621,990,-0.28,2016
Vijay Singh,72,62.73,813,"1,296",-0.25,2016
Cameron Smith,73,62.72,779,"1,242",-0.26,2016
Billy Hurley III,66,62.71,745,"1,188",-0.27,2016
Tom Hoge,81,62.48,866,"1,386",-0.25,2016
Chad Collins,73,62.40,820,"1,314",-0.24,2016
Zac Blair,99,62.34,"1,066","1,710",-0.24,2016
Camilo Villegas,83,62.10,883,"1,422",-0.26,2016
Peter Malnati,85,62.09,950,"1,530",-0.26,2016
Derek Fathauer,94,62.00,"1,049","1,692",-0.27,2016
Steve Wheatcroft,85,61.93,903,"1,458",-0.27,2016
Abraham Ancer,51,61.81,534,864,-0.24,2016
Stuart Appleby,71,61.43,763,"1,242",-0.27,2016
Bryce Molder,80,61.32,861,"1,404",-0.28,2016
Ernie Els,66,61.20,727,"1,188",-0.27,2016
Jonas Blixt,79,60.96,834,"1,368",-0.30,2016
Dicky Pride,55,60.90,581,954,-0.24,2016
D.H. Lee,61,60.14,617,"1,026",-0.26,2016
Hiroshi Iwata,85,59.50,889,"1,494",-0.28,2016
Ken Duke,58,59.26,576,972,-0.26,2016
Erik Compton,65,58.64,665,"1,134",-0.26,2016
Steven Bowditch,71,54.46,696,"1,278",-0.26,2016
Brendon Todd,66,54.23,615,"1,134",-0.25,2016
Henrik Stenson,63,73.52,794,"1,080",-0.26,2015
Jim Herman,88,73.23,"1,160","1,584",-0.23,2015
Stewart Cink,77,72.94,"1,011","1,386",-0.23,2015
Willy Wilcox,58,72.53,705,972,-0.28,2015
Paul Casey,87,72.36,"1,068","1,476",-0.27,2015
Francesco Molinari,56,71.07,678,954,-0.22,2015
Jason Day,75,70.83,918,"1,296",-0.36,2015
Russell Knox,96,70.83,"1,224","1,728",-0.25,2015
Justin Rose,69,70.54,838,"1,188",-0.31,2015
Lucas Glover,79,70.46,"1,002","1,422",-0.22,2015
Alex Prugh,84,70.14,"1,010","1,440",-0.26,2015
Michael Putnam,87,70.13,"1,073","1,530",-0.22,2015
J.J. Henry,94,69.88,"1,132","1,620",-0.22,2015
Jim Furyk,71,69.79,804,"1,152",-0.24,2015
Chez Reavie,56,69.64,702,"1,008",-0.25,2015
Adam Scott,51,69.62,589,846,-0.26,2015
Brooks Koepka,84,69.48,"1,013","1,458",-0.30,2015
Billy Horschel,99,69.33,"1,173","1,692",-0.27,2015
Bubba Watson,71,69.32,836,"1,206",-0.33,2015
Greg Owen,58,69.25,723,"1,044",-0.22,2015
Hideki Matsuyama,95,69.20,"1,121","1,620",-0.30,2015
Graham DeLaet,65,69.15,809,"1,170",-0.27,2015
Robert Streb,110,69.14,"1,369","1,980",-0.29,2015
Jason Dufner,76,69.03,907,"1,314",-0.24,2015
Kevin Streelman,95,68.99,"1,130","1,638",-0.26,2015
Johnson Wagner,68,68.95,844,"1,224",-0.25,2015
Justin Thomas,106,68.92,"1,315","1,908",-0.31,2015
Jason Bohn,95,68.89,"1,178","1,710",-0.30,2015
Byron Smith,59,68.89,682,990,-0.23,2015
Daniel Berger,97,68.84,"1,202","1,746",-0.27,2015
Bill Haas,89,68.80,"1,065","1,548",-0.24,2015
Shawn Stefani,94,68.79,"1,164","1,692",-0.29,2015
Bill Lunde,50,68.72,569,828,-0.21,2015
Ben Martin,93,68.70,"1,113","1,620",-0.27,2015
Chad Campbell,97,68.61,"1,198","1,746",-0.24,2015
Nicholas Thompson,90,68.60,"1,062","1,548",-0.25,2015
Zach Johnson,90,68.58,"1,074","1,566",-0.29,2015
Charles Howell III,105,68.57,"1,296","1,890",-0.26,2015
Hudson Swafford,97,68.54,"1,172","1,710",-0.30,2015
Brendan Steele,88,68.52,"1,036","1,512",-0.30,2015
Martin Flores,95,68.32,"1,119","1,638",-0.24,2015
John Peterson,84,68.32,"1,033","1,512",-0.25,2015
Brice Garnett,81,68.28,971,"1,422",-0.23,2015
Louis Oosthuizen,68,68.28,762,"1,116",-0.27,2015
Spencer Levin,99,68.27,"1,192","1,746",-0.23,2015
Whee Kim,71,68.20,847,"1,242",-0.26,2015
David Hearn,97,67.98,"1,187","1,746",-0.27,2015
Pat Perez,96,67.88,"1,173","1,728",-0.29,2015
Jordan Spieth,91,67.87,"1,075","1,584",-0.34,2015
William McGirt,103,67.85,"1,258","1,854",-0.25,2015
Mark Wilson,89,67.84,"1,038","1,530",-0.24,2015
Rory Sabbatini,81,67.83,989,"1,458",-0.27,2015
Webb Simpson,81,67.81,952,"1,404",-0.25,2015
Cameron Percy,72,67.78,854,"1,260",-0.26,2015
Boo Weekley,79,67.72,963,"1,422",-0.26,2015
John Merrick,78,67.64,901,"1,332",-0.24,2015
Tony Finau,106,67.61,"1,290","1,908",-0.31,2015
Scott Pinckney,88,67.61,"1,071","1,584",-0.26,2015
Sergio Garcia,59,67.56,681,"1,008",-0.29,2015
Keegan Bradley,87,67.53,"1,021","1,512",-0.28,2015
Jason Gore,76,67.52,875,"1,296",-0.27,2015
Brendon de Jonge,106,67.51,"1,288","1,908",-0.28,2015
Colt Knost,90,67.44,"1,044","1,548",-0.28,2015
Davis Love III,51,67.43,619,918,-0.22,2015
Jonathan Byrd,69,67.35,788,"1,170",-0.24,2015
Nick Watney,91,67.34,"1,103","1,638",-0.26,2015
Jason Kokrak,88,67.30,"1,066","1,584",-0.27,2015
John Senden,80,67.26,908,"1,350",-0.27,2015
Russell Henley,87,67.06,"1,014","1,512",-0.29,2015
Harris English,105,67.05,"1,231","1,836",-0.28,2015
Dustin Johnson,75,67.05,869,"1,296",-0.34,2015
Kyle Reifers,96,67.03,"1,110","1,656",-0.25,2015
Bo Van Pelt,81,66.88,951,"1,422",-0.25,2015
Carlos Ortiz,100,66.84,"1,155","1,728",-0.29,2015
Mark Hubbard,79,66.81,926,"1,386",-0.25,2015
Ryan Palmer,80,66.81,914,"1,368",-0.28,2015
Patrick Rodgers,57,66.77,637,954,-0.30,2015
Tyrone Van Aswegen,58,66.77,649,972,-0.26,2015
Gary Woodland,81,66.74,889,"1,332",-0.26,2015
Scott Piercy,90,66.73,"1,081","1,620",-0.28,2015
Robert Allenby,63,66.67,708,"1,062",-0.20,2015
Andres Gonzales,90,66.67,"1,032","1,548",-0.27,2015
Brian Harman,90,66.67,"1,080","1,620",-0.27,2015
Steven Alker,62,66.57,719,"1,080",-0.26,2015
Adam Hadwin,95,66.55,"1,114","1,674",-0.26,2015
Matt Kuchar,97,66.55,"1,126","1,692",-0.31,2015
Geoff Ogilvy,50,66.55,575,864,-0.23,2015
Derek Ernst,75,66.51,850,"1,278",-0.22,2015
Lee Westwood,56,66.45,622,936,-0.28,2015
Blayne Barber,76,66.44,885,"1,332",-0.27,2015
George McNeill,93,66.43,"1,112","1,674",-0.27,2015
Ryo Ishikawa,90,66.41,"1,052","1,584",-0.28,2015
Jon Curran,83,66.39,944,"1,422",-0.24,2015
Martin Laird,77,66.31,919,"1,386",-0.27,2015
Kevin Kisner,104,66.24,"1,240","1,872",-0.26,2015
Vijay Singh,78,66.24,930,"1,404",-0.25,2015
Charley Hoffman,97,66.19,"1,120","1,692",-0.30,2015
James Hahn,94,66.13,"1,119","1,692",-0.27,2015
Roberto Castro,54,66.11,595,900,-0.24,2015
Chad Collins,79,66.10,940,"1,422",-0.25,2015
Jimmy Walker,89,66.09,"1,023","1,548",-0.31,2015
Tom Hoge,83,66.03,939,"1,422",-0.29,2015
Kevin Chappell,86,66.02,"1,022","1,548",-0.28,2015
Jerry Kelly,79,65.96,938,"1,422",-0.28,2015
Seung-Yul Noh,65,65.90,771,"1,170",-0.28,2015
Rickie Fowler,76,65.81,841,"1,278",-0.31,2015
Hunter Mahan,88,65.79,971,"1,476",-0.26,2015
Ian Poulter,68,65.71,757,"1,152",-0.27,2015
Alex Cejka,94,65.70,"1,088","1,656",-0.27,2015
Jeff Overton,94,65.70,"1,088","1,656",-0.27,2015
Danny Lee,120,65.69,"1,419","2,160",-0.30,2015
Chris Stroud,84,65.67,993,"1,512",-0.27,2015
Marc Leishman,74,65.62,815,"1,242",-0.27,2015
Daniel Summerhays,101,65.62,"1,193","1,818",-0.30,2015
Luke Donald,71,65.57,838,"1,278",-0.24,2015
Zac Blair,108,65.54,"1,227","1,872",-0.25,2015
Charlie Beljan,76,65.51,849,"1,296",-0.25,2015
Brendon Todd,96,65.47,"1,096","1,674",-0.28,2015
Bryce Molder,91,65.45,"1,025","1,566",-0.27,2015
Jhonattan Vegas,90,65.44,"1,013","1,548",-0.26,2015
Michael Thompson,83,65.43,954,"1,458",-0.26,2015
Billy Hurley III,83,65.26,928,"1,422",-0.24,2015
Ryan Moore,81,65.24,916,"1,404",-0.30,2015
Jim Renner,68,65.24,775,"1,188",-0.18,2015
Sam Saunders,83,65.23,951,"1,458",-0.25,2015
Scott Brown,97,65.18,"1,138","1,746",-0.28,2015
Scott Stallings,60,65.00,702,"1,080",-0.26,2015
Charl Schwartzel,67,64.99,737,"1,134",-0.26,2015
Brandt Snedeker,98,64.97,"1,111","1,710",-0.29,2015
David Lingmerth,90,64.94,"1,052","1,620",-0.28,2015
Ángel Cabrera,53,64.88,619,954,-0.26,2015
John Huh,102,64.85,"1,179","1,818",-0.26,2015
Sung Joon Park,79,64.72,897,"1,386",-0.21,2015
Scott Langley,94,64.67,"1,071","1,656",-0.27,2015
David Toms,62,64.66,675,"1,044",-0.24,2015
Steve Wheatcroft,87,64.59,965,"1,494",-0.30,2015
Cameron Tringale,96,64.58,"1,116","1,728",-0.25,2015
Kevin Na,98,64.56,"1,104","1,710",-0.29,2015
Chris Kirk,76,64.54,848,"1,314",-0.29,2015
Ernie Els,57,64.52,662,"1,026",-0.24,2015
Patrick Reed,103,64.42,"1,148","1,782",-0.30,2015
Nick Taylor,91,64.41,"1,055","1,638",-0.28,2015
Jonathan Randolph,72,64.37,811,"1,260",-0.25,2015
Sean O'Hair,86,64.34,996,"1,548",-0.29,2015
D.A. Points,72,64.29,810,"1,260",-0.23,2015
Ken Duke,93,64.17,"1,028","1,602",-0.25,2015
Matt Jones,89,64.05,980,"1,530",-0.31,2015
Robert Garrigus,70,63.97,760,"1,188",-0.25,2015
Gonzalo Fernandez-Castaño,81,63.92,886,"1,386",-0.24,2015
Jamie Donaldson,50,63.83,540,846,-0.25,2015
K.J. Choi,66,63.80,712,"1,116",-0.26,2015
Greg Chalmers,58,63.79,620,972,-0.28,2015
Luke Guthrie,84,63.75,941,"1,476",-0.28,2015
J.B. Holmes,89,63.66,974,"1,530",-0.33,2015
Andrew Svoboda,80,63.60,893,"1,404",-0.25,2015
Chesson Hadley,101,63.59,"1,156","1,818",-0.29,2015
Fabián Gómez,83,63.52,949,"1,494",-0.27,2015
Steven Bowditch,103,63.43,"1,176","1,854",-0.29,2015
Troy Merritt,91,63.37,"1,038","1,638",-0.25,2015
Ben Crane,62,63.22,660,"1,044",-0.22,2015
Brian Stuard,97,63.20,"1,058","1,674",-0.26,2015
Erik Compton,86,63.18,978,"1,548",-0.28,2015
Oscar Fraustro,58,63.17,614,972,-0.26,2015
Roger Sloan,56,63.14,591,936,-0.26,2015
Camilo Villegas,83,63.05,942,"1,494",-0.26,2015
Carl Pettersson,106,63.00,"1,202","1,908",-0.29,2015
Max Homa,78,62.99,839,"1,332",-0.26,2015
Sangmoon Bae,98,62.93,"1,110","1,764",-0.28,2015
Heath Slocum,57,62.79,599,954,-0.23,2015
Jonas Blixt,78,62.71,824,"1,314",-0.29,2015
Justin Leonard,61,62.57,687,"1,098",-0.24,2015
Aaron Baddeley,76,62.46,832,"1,332",-0.30,2015
Tim Wilkinson,73,62.44,798,"1,278",-0.24,2015
Brian Davis,86,62.26,919,"1,476",-0.24,2015
Retief Goosen,81,62.19,862,"1,386",-0.26,2015
Andres Romero,69,61.70,733,"1,188",-0.27,2015
Phil Mickelson,70,61.51,775,"1,260",-0.31,2015
Derek Fathauer,81,61.33,850,"1,386",-0.28,2015
Eric Axley,57,61.21,606,990,-0.26,2015
Morgan Hoffmann,85,61.11,935,"1,530",-0.31,2015
Padraig Harrington,60,61.02,659,"1,080",-0.25,2015
Ricky Barnes,82,60.47,849,"1,404",-0.29,2015
Andrew Putnam,68,59.90,690,"1,152",-0.27,2015
Matt Every,73,58.10,732,"1,260",-0.24,2015
Chad Campbell,57,72.43,691,954,-0.20,2014
Justin Hicks,103,71.44,"1,273","1,782",-0.23,2014
Graham DeLaet,80,70.68,"1,005","1,422",-0.26,2014
Billy Horschel,92,70.43,"1,141","1,620",-0.26,2014
J.J. Henry,91,69.60,"1,090","1,566",-0.20,2014
Rory McIlroy,66,69.44,800,"1,152",-0.36,2014
Jhonattan Vegas,77,69.11,933,"1,350",-0.23,2014
Henrik Stenson,56,69.03,671,972,-0.28,2014
Kevin Stadler,90,68.91,"1,104","1,602",-0.26,2014
Adam Scott,68,68.79,842,"1,224",-0.32,2014
Hudson Swafford,75,68.78,879,"1,278",-0.23,2014
Jim Furyk,84,68.75,990,"1,440",-0.24,2014
David Toms,64,68.73,767,"1,116",-0.25,2014
Sergio Garcia,61,68.68,717,"1,044",-0.28,2014
Bill Haas,107,68.62,"1,297","1,890",-0.26,2014
Bo Van Pelt,83,68.61,"1,025","1,494",-0.24,2014
Harris English,95,68.36,"1,132","1,656",-0.28,2014
Andrew Svoboda,77,68.11,944,"1,386",-0.24,2014
John Merrick,87,68.07,"1,017","1,494",-0.24,2014
Boo Weekley,73,68.06,882,"1,296",-0.19,2014
Dustin Johnson,58,68.03,698,"1,026",-0.32,2014
Russell Knox,92,68.00,"1,126","1,656",-0.24,2014
Ryan Moore,86,67.99,"1,028","1,512",-0.28,2014
Bubba Watson,76,67.96,893,"1,314",-0.32,2014
John Senden,99,67.85,"1,209","1,782",-0.26,2014
Charles Howell III,106,67.66,"1,291","1,908",-0.27,2014
Robert Allenby,83,67.63,986,"1,458",-0.20,2014
Kevin Chappell,100,67.59,"1,168","1,728",-0.28,2014
Jimmy Walker,98,67.59,"1,168","1,728",-0.31,2014
Bud Cauley,56,67.46,680,"1,008",-0.23,2014
Zach Johnson,97,67.42,"1,165","1,728",-0.27,2014
Nick Watney,80,67.33,909,"1,350",-0.25,2014
Heath Slocum,71,67.31,836,"1,242",-0.21,2014
Ken Duke,80,67.17,943,"1,404",-0.22,2014
Charley Hoffman,93,67.08,"1,123","1,674",-0.29,2014
Michael Putnam,106,67.05,"1,231","1,836",-0.23,2014
Lucas Glover,68,67.00,796,"1,188",-0.21,2014
Seung-Yul Noh,92,66.97,"1,109","1,656",-0.25,2014
Camilo Villegas,95,66.96,"1,145","1,710",-0.28,2014
Matt Kuchar,91,66.92,"1,060","1,584",-0.28,2014
Justin Rose,70,66.91,819,"1,224",-0.30,2014
Daniel Summerhays,98,66.89,"1,180","1,764",-0.27,2014
Willy Wilcox,51,66.89,590,882,-0.24,2014
Kyle Stanley,87,66.87,999,"1,494",-0.20,2014
Cameron Tringale,111,66.77,"1,334","1,998",-0.25,2014
Keegan Bradley,89,66.67,"1,056","1,584",-0.29,2014
Hunter Mahan,88,66.67,"1,020","1,530",-0.25,2014
Ryan Palmer,85,66.67,"1,020","1,530",-0.30,2014
Carl Pettersson,91,66.67,"1,092","1,638",-0.25,2014
Nicholas Thompson,85,66.67,972,"1,458",-0.21,2014
Gary Woodland,93,66.55,"1,102","1,656",-0.27,2014
Martin Flores,85,66.54,"1,018","1,530",-0.24,2014
Brendan Steele,89,66.47,"1,017","1,530",-0.27,2014
Louis Oosthuizen,50,66.43,550,828,-0.23,2014
David Hearn,97,66.38,"1,159","1,746",-0.25,2014
Jim Herman,62,66.38,693,"1,044",-0.23,2014
Stewart Cink,91,66.36,"1,087","1,638",-0.25,2014
Martin Laird,66,66.31,740,"1,116",-0.26,2014
Jason Dufner,57,66.26,644,972,-0.26,2014
Shawn Stefani,60,66.20,715,"1,080",-0.25,2014
George McNeill,79,66.17,941,"1,422",-0.28,2014
Ben Martin,80,66.04,951,"1,440",-0.27,2014
Billy Hurley III,86,65.89,"1,020","1,548",-0.23,2014
Jeff Overton,80,65.79,900,"1,368",-0.26,2014
Paul Casey,56,65.77,663,"1,008",-0.29,2014
Graeme McDowell,66,65.77,734,"1,116",-0.28,2014
Jeff Maggert,54,65.74,639,972,-0.20,2014
Michael Thompson,74,65.69,875,"1,332",-0.27,2014
Robert Streb,75,65.65,839,"1,278",-0.27,2014
Will MacKenzie,82,65.58,968,"1,476",-0.29,2014
Jerry Kelly,80,65.56,944,"1,440",-0.28,2014
John Peterson,62,65.56,708,"1,080",-0.21,2014
Vijay Singh,83,65.39,977,"1,494",-0.22,2014
Jason Kokrak,65,65.38,765,"1,170",-0.30,2014
Rory Sabbatini,82,65.38,918,"1,404",-0.25,2014
Kevin Kisner,85,65.29,999,"1,530",-0.27,2014
Trevor Immelman,84,65.28,940,"1,440",-0.22,2014
Webb Simpson,87,65.28,987,"1,512",-0.27,2014
Phil Mickelson,71,65.26,834,"1,278",-0.29,2014
Marc Leishman,81,65.21,939,"1,440",-0.29,2014
Chris Stroud,88,65.21,"1,033","1,584",-0.29,2014
Charlie Beljan,76,65.20,845,"1,296",-0.27,2014
Brice Garnett,92,65.15,"1,032","1,584",-0.25,2014
Robert Garrigus,80,65.14,938,"1,440",-0.29,2014
"Ted Potter, Jr.",68,65.11,797,"1,224",-0.22,2014
Josh Teater,90,65.09,"1,031","1,584",-0.24,2014
Brad Fritsch,50,65.05,562,864,-0.26,2014
Troy Merritt,62,65.05,726,"1,116",-0.27,2014
Scott Brown,100,65.00,"1,170","1,800",-0.27,2014
Ángel Cabrera,69,64.98,807,"1,242",-0.26,2014
Brooks Koepka,56,64.98,655,"1,008",-0.31,2014
Ricky Barnes,92,64.96,"1,029","1,584",-0.26,2014
Ryo Ishikawa,75,64.96,877,"1,350",-0.31,2014
Jamie Lovemark,64,64.91,701,"1,080",-0.26,2014
Jonathan Byrd,76,64.89,841,"1,296",-0.25,2014
John Rollins,84,64.86,934,"1,440",-0.21,2014
Jason Bohn,81,64.75,944,"1,458",-0.26,2014
Kevin Na,94,64.72,"1,095","1,692",-0.29,2014
Martin Kaymer,65,64.58,744,"1,152",-0.29,2014
Rickie Fowler,91,64.51,987,"1,530",-0.30,2014
Davis Love III,74,64.51,836,"1,296",-0.25,2014
Geoff Ogilvy,84,64.51,929,"1,440",-0.23,2014
Brendon de Jonge,109,64.48,"1,265","1,962",-0.25,2014
Danny Lee,84,64.44,928,"1,440",-0.27,2014
William McGirt,96,64.41,"1,113","1,728",-0.27,2014
John Huh,87,64.39,962,"1,494",-0.23,2014
Pat Perez,84,64.35,973,"1,512",-0.26,2014
Kevin Tway,64,64.35,695,"1,080",-0.20,2014
Spencer Levin,59,64.31,683,"1,062",-0.24,2014
Tim Clark,75,64.30,868,"1,350",-0.25,2014
Brian Harman,111,64.26,"1,284","1,998",-0.28,2014
Wes Roach,67,64.20,728,"1,134",-0.26,2014
Tyrone Van Aswegen,79,64.17,901,"1,404",-0.26,2014
Scott Langley,95,64.16,"1,074","1,674",-0.27,2014
Johnson Wagner,69,64.10,750,"1,170",-0.23,2014
Hideki Matsuyama,82,64.03,922,"1,440",-0.28,2014
Tommy Gainey,73,64.01,795,"1,242",-0.27,2014
Jason Day,54,64.00,553,864,-0.28,2014
Brendon Todd,108,63.99,"1,244","1,944",-0.27,2014
James Hahn,82,63.96,921,"1,440",-0.23,2014
Bryce Molder,77,63.93,840,"1,314",-0.26,2014
Brian Stuard,91,63.86,"1,000","1,566",-0.28,2014
Lee Westwood,57,63.69,642,"1,008",-0.29,2014
Retief Goosen,94,63.64,"1,031","1,620",-0.25,2014
Patrick Reed,92,63.64,"1,031","1,620",-0.28,2014
Luke Guthrie,85,63.53,972,"1,530",-0.29,2014
Charl Schwartzel,64,63.53,709,"1,116",-0.31,2014
Derek Ernst,80,63.52,869,"1,368",-0.22,2014
Chris Kirk,105,63.46,"1,188","1,872",-0.28,2014
Briny Baird,50,63.44,571,900,-0.22,2014
Ben Crane,81,63.44,925,"1,458",-0.25,2014
Sean O'Hair,77,63.42,879,"1,386",-0.25,2014
Steven Bowditch,93,63.38,"1,061","1,674",-0.26,2014
Matt Every,85,63.33,969,"1,530",-0.27,2014
David Lingmerth,80,63.30,866,"1,368",-0.25,2014
Brandt Snedeker,89,63.28,991,"1,566",-0.28,2014
Matt Jones,83,63.25,945,"1,494",-0.30,2014
Kevin Streelman,79,63.25,888,"1,404",-0.28,2014
Mark Wilson,69,63.25,740,"1,170",-0.19,2014
Scott Stallings,77,63.16,864,"1,368",-0.24,2014
Andrew Loupe,65,63.11,693,"1,098",-0.26,2014
Erik Compton,88,63.07,999,"1,584",-0.27,2014
Chesson Hadley,84,63.03,953,"1,512",-0.27,2014
Luke Donald,57,63.00,635,"1,008",-0.26,2014
Stuart Appleby,92,62.96,"1,020","1,620",-0.27,2014
Sangmoon Bae,76,62.94,861,"1,368",-0.29,2014
Morgan Hoffmann,103,62.74,"1,118","1,782",-0.29,2014
D.A. Points,75,62.71,824,"1,314",-0.22,2014
Jim Renner,61,62.71,666,"1,062",-0.22,2014
Ben Curtis,77,62.63,823,"1,314",-0.24,2014
Freddie Jacobson,91,62.58,"1,025","1,638",-0.28,2014
Jordan Spieth,102,62.47,"1,102","1,764",-0.31,2014
Ian Poulter,57,62.40,629,"1,008",-0.28,2014
K.J. Choi,80,62.08,894,"1,440",-0.28,2014
Troy Matteson,62,61.97,647,"1,044",-0.23,2014
Russell Henley,92,61.84,"1,024","1,656",-0.28,2014
Tim Wilkinson,86,61.72,911,"1,476",-0.26,2014
Y.E. Yang,79,61.68,866,"1,404",-0.25,2014
Ernie Els,85,61.60,876,"1,422",-0.26,2014
Brian Davis,93,61.47,"1,029","1,674",-0.26,2014
Bronson La'Cassie,51,61.35,519,846,-0.23,2014
Jonas Blixt,64,61.11,682,"1,116",-0.28,2014
J.B. Holmes,86,60.92,943,"1,548",-0.29,2014
James Driscoll,71,60.88,778,"1,278",-0.27,2014
Charlie Wi,72,60.87,767,"1,260",-0.24,2014
Gonzalo Fernandez-Castaño,83,60.84,898,"1,476",-0.25,2014
Woody Austin,63,60.83,646,"1,062",-0.24,2014
Andres Romero,81,60.53,839,"1,386",-0.28,2014
Roberto Castro,76,60.44,805,"1,332",-0.25,2014
Chad Collins,78,59.98,799,"1,332",-0.25,2014
Richard Lee,80,59.97,842,"1,404",-0.26,2014
D.H. Lee,54,59.89,539,900,-0.20,2014
Greg Chalmers,85,59.88,873,"1,458",-0.27,2014
Aaron Baddeley,74,59.80,775,"1,296",-0.29,2014
Brian Gay,81,59.21,842,"1,422",-0.24,2014
Justin Leonard,75,57.78,780,"1,350",-0.25,2014
Mike Weir,69,57.44,672,"1,170",-0.24,2014
Henrik Stenson,65,71.96,829,"1,152",-0.27,2013
Steve Stricker,51,71.16,602,846,-0.30,2013
Graham DeLaet,94,70.51,"1,193","1,692",-0.25,2013
Ricky Barnes,74,70.48,888,"1,260",-0.21,2013
Bubba Watson,76,69.41,912,"1,314",-0.27,2013
Boo Weekley,100,69.39,"1,249","1,800",-0.24,2013
Vijay Singh,61,69.13,759,"1,098",-0.16,2013
Kevin Stadler,83,68.92,980,"1,422",-0.29,2013
Justin Rose,62,68.89,744,"1,080",-0.26,2013
Brendon de Jonge,110,68.84,"1,363","1,980",-0.26,2013
Adam Scott,61,68.80,743,"1,080",-0.27,2013
Justin Hicks,79,68.59,926,"1,350",-0.23,2013
Nick Watney,88,68.48,"1,060","1,548",-0.24,2013
Jim Furyk,80,68.30,959,"1,404",-0.25,2013
Zach Johnson,84,68.14,"1,018","1,494",-0.25,2013
Jim Herman,59,67.98,673,990,-0.24,2013
J.J. Henry,83,67.97,991,"1,458",-0.21,2013
Pat Perez,69,67.87,843,"1,242",-0.27,2013
D.J. Trahan,48,67.87,562,828,-0.24,2013
Nicholas Thompson,99,67.85,"1,209","1,782",-0.24,2013
Bill Haas,85,67.79,"1,025","1,512",-0.26,2013
Stewart Cink,71,67.76,866,"1,278",-0.24,2013
Rory Sabbatini,86,67.75,"1,000","1,476",-0.28,2013
Tiger Woods,61,67.59,730,"1,080",-0.31,2013
Hunter Mahan,91,67.58,"1,034","1,530",-0.26,2013
Jason Dufner,78,67.53,936,"1,386",-0.24,2013
Billy Horschel,96,67.48,"1,166","1,728",-0.29,2013
Steve LeBrun,66,67.47,753,"1,116",-0.22,2013
Sergio Garcia,65,67.46,765,"1,134",-0.28,2013
John Rollins,77,67.43,886,"1,314",-0.26,2013
Henrik Norlander,70,67.40,825,"1,224",-0.24,2013
Kyle Stanley,71,67.37,861,"1,278",-0.21,2013
Roberto Castro,97,67.30,"1,175","1,746",-0.26,2013
Chad Campbell,78,67.03,917,"1,368",-0.24,2013
Cameron Tringale,80,67.01,965,"1,440",-0.25,2013
Gary Woodland,94,66.98,"1,085","1,620",-0.28,2013
Jordan Spieth,82,66.94,988,"1,476",-0.30,2013
Nicolas Colsaerts,50,66.78,565,846,-0.20,2013
Dustin Johnson,71,66.75,841,"1,260",-0.29,2013
Chez Reavie,72,66.74,865,"1,296",-0.25,2013
Camilo Villegas,79,66.74,901,"1,350",-0.27,2013
Charles Howell III,87,66.73,"1,021","1,530",-0.28,2013
Phil Mickelson,78,66.67,936,"1,404",-0.32,2013
Webb Simpson,92,66.67,"1,056","1,584",-0.27,2013
John Huh,88,66.60,"1,055","1,584",-0.22,2013
Brad Fritsch,81,66.59,923,"1,386",-0.27,2013
Jeff Maggert,63,66.58,755,"1,134",-0.23,2013
Eric Meierdierks,48,66.55,551,828,-0.21,2013
Keegan Bradley,88,66.54,"1,042","1,566",-0.29,2013
John Merrick,79,66.53,946,"1,422",-0.26,2013
Josh Teater,86,66.53,982,"1,476",-0.26,2013
Richard Lee,81,66.52,922,"1,386",-0.24,2013
Trevor Immelman,73,66.51,826,"1,242",-0.18,2013
Lucas Glover,65,66.41,777,"1,170",-0.21,2013
Kevin Streelman,86,66.41,"1,028","1,548",-0.25,2013
Ryan Palmer,79,66.24,942,"1,422",-0.30,2013
Mark Wilson,56,66.24,620,936,-0.21,2013
Robert Garrigus,69,66.15,774,"1,170",-0.30,2013
Michael Bradley,56,66.13,619,936,-0.19,2013
Kevin Chappell,80,66.11,952,"1,440",-0.25,2013
Jimmy Walker,84,66.07,999,"1,512",-0.29,2013
Ryo Ishikawa,72,66.03,832,"1,260",-0.22,2013
Harris English,95,66.02,"1,129","1,710",-0.29,2013
Brandt Jobe,62,66.00,689,"1,044",-0.23,2013
Matt Jones,83,66.00,986,"1,494",-0.27,2013
Brendan Steele,86,65.99,974,"1,476",-0.25,2013
D.H. Lee,65,65.98,772,"1,170",-0.26,2013
John Senden,79,65.95,926,"1,404",-0.22,2013
Chris Kirk,89,65.92,"1,056","1,602",-0.31,2013
Andrew Svoboda,46,65.91,522,792,-0.24,2013
K.J. Choi,85,65.87,996,"1,512",-0.22,2013
Charl Schwartzel,69,65.85,806,"1,224",-0.31,2013
Matt Kuchar,93,65.84,"1,031","1,566",-0.29,2013
Tag Ridings,69,65.81,770,"1,170",-0.25,2013
Brian Stuard,78,65.77,876,"1,332",-0.25,2013
Cameron Percy,68,65.74,781,"1,188",-0.24,2013
Greg Owen,73,65.73,840,"1,278",-0.23,2013
Will Claxton,67,65.70,745,"1,134",-0.21,2013
Brandt Snedeker,79,65.68,934,"1,422",-0.30,2013
Jason Kokrak,78,65.67,922,"1,404",-0.27,2013
Bo Van Pelt,72,65.63,827,"1,260",-0.25,2013
Robert Streb,75,65.57,838,"1,278",-0.24,2013
Matt Every,89,65.54,"1,050","1,602",-0.29,2013
Martin Flores,83,65.53,979,"1,494",-0.26,2013
Charley Hoffman,84,65.48,990,"1,512",-0.30,2013
Rory McIlroy,56,65.45,648,990,-0.30,2013
Jerry Kelly,75,65.41,883,"1,350",-0.25,2013
William McGirt,75,65.33,882,"1,350",-0.26,2013
George McNeill,68,65.28,799,"1,224",-0.25,2013
Ben Kohles,75,65.26,834,"1,278",-0.22,2013
Lee Westwood,70,65.22,810,"1,242",-0.23,2013
Stuart Appleby,88,65.21,986,"1,512",-0.23,2013
Erik Compton,74,65.09,867,"1,332",-0.25,2013
Marc Leishman,77,65.08,902,"1,386",-0.24,2013
Ángel Cabrera,73,64.99,854,"1,314",-0.24,2013
Jason Day,86,64.93,935,"1,440",-0.28,2013
Bob Estes,66,64.90,771,"1,188",-0.25,2013
Jeff Overton,78,64.89,911,"1,404",-0.28,2013
Martin Kaymer,61,64.85,677,"1,044",-0.24,2013
Troy Matteson,68,64.81,770,"1,188",-0.22,2013
James Hahn,78,64.71,862,"1,332",-0.29,2013
David Hearn,88,64.71,"1,025","1,584",-0.28,2013
Morgan Hoffmann,64,64.67,745,"1,152",-0.29,2013
Scott Stallings,79,64.63,919,"1,422",-0.26,2013
Charlie Beljan,62,64.61,721,"1,116",-0.24,2013
Rod Pampling,46,64.55,488,756,-0.24,2013
"Ted Potter, Jr.",65,64.48,708,"1,098",-0.24,2013
Daniel Summerhays,83,64.46,963,"1,494",-0.29,2013
Jason Bohn,70,64.44,812,"1,260",-0.28,2013
Dicky Pride,71,64.43,777,"1,206",-0.23,2013
Doug LaBelle II,72,64.37,811,"1,260",-0.27,2013
Johnson Wagner,64,64.35,695,"1,080",-0.19,2013
Chris Stroud,88,64.33,"1,019","1,584",-0.27,2013
Ryan Moore,72,64.32,822,"1,278",-0.25,2013
Seung-Yul Noh,71,64.26,775,"1,206",-0.25,2013
Russell Henley,80,64.25,902,"1,404",-0.28,2013
Scott Gardiner,61,64.12,681,"1,062",-0.24,2013
Scott Brown,65,64.10,750,"1,170",-0.25,2013
Fabián Gómez,65,64.10,750,"1,170",-0.27,2013
Scott Langley,79,64.00,864,"1,350",-0.23,2013
Ben Crane,62,63.98,668,"1,044",-0.23,2013
Derek Ernst,58,63.89,667,"1,044",-0.23,2013
Ben Curtis,59,63.84,655,"1,026",-0.20,2013
James Driscoll,76,63.81,827,"1,296",-0.28,2013
Patrick Reed,83,63.79,953,"1,494",-0.28,2013
Bud Cauley,67,63.76,723,"1,134",-0.25,2013
Sangmoon Bae,83,63.72,952,"1,494",-0.28,2013
Bryce Molder,82,63.68,917,"1,440",-0.29,2013
Shawn Stefani,63,63.67,722,"1,134",-0.25,2013
Martin Laird,68,63.64,779,"1,224",-0.23,2013
David Toms,49,63.64,504,792,-0.24,2013
Luke Guthrie,82,63.62,939,"1,476",-0.24,2013
David Mathis,71,63.60,767,"1,206",-0.23,2013
Rickie Fowler,75,63.59,847,"1,332",-0.28,2013
Vaughn Taylor,50,63.53,526,828,-0.28,2013
Ian Poulter,59,63.52,606,954,-0.23,2013
Jin Park,52,63.44,571,900,-0.23,2013
David Lingmerth,68,63.24,774,"1,224",-0.26,2013
Robert Karlsson,56,63.14,591,936,-0.22,2013
Justin Leonard,86,63.11,977,"1,548",-0.28,2013
Ken Duke,87,63.09,988,"1,566",-0.24,2013
Bobby Gates,49,62.84,509,810,-0.20,2013
D.A. Points,87,62.77,983,"1,566",-0.25,2013
Graeme McDowell,53,62.70,553,882,-0.23,2013
Y.E. Yang,56,62.70,632,"1,008",-0.23,2013
Brian Harman,89,62.61,958,"1,530",-0.26,2013
David Lynn,70,62.48,776,"1,242",-0.24,2013
Robert Allenby,58,62.40,629,"1,008",-0.23,2013
Luke List,65,62.39,685,"1,098",-0.26,2013
Scott Piercy,78,62.30,841,"1,350",-0.28,2013
Alistair Presnell,59,62.28,639,"1,026",-0.23,2013
Aaron Watkins,46,62.25,493,792,-0.25,2013
Darron Stiles,51,62.24,549,882,-0.23,2013
Carl Pettersson,82,62.22,896,"1,440",-0.27,2013
Geoff Ogilvy,57,62.18,638,"1,026",-0.21,2013
Luke Donald,60,62.16,649,"1,044",-0.28,2013
Brian Davis,91,62.15,"1,018","1,638",-0.29,2013
Casey Wittenberg,72,62.14,783,"1,260",-0.21,2013
Tim Clark,64,62.02,681,"1,098",-0.25,2013
Sean O'Hair,56,62.00,625,"1,008",-0.22,2013
Steven Bowditch,67,61.97,725,"1,170",-0.27,2013
Michael Thompson,66,61.78,734,"1,188",-0.22,2013
Ernie Els,63,61.74,689,"1,116",-0.27,2013
Colt Knost,69,61.71,722,"1,170",-0.24,2013
Freddie Jacobson,63,61.67,666,"1,080",-0.27,2013
Lee Williams,62,61.67,666,"1,080",-0.22,2013
Greg Chalmers,77,61.64,810,"1,314",-0.30,2013
Andres Romero,63,61.30,651,"1,062",-0.29,2013
Peter Hanson,45,61.24,474,774,-0.28,2013
Stephen Ames,49,61.11,539,882,-0.27,2013
Justin Bolli,59,61.11,605,990,-0.23,2013
Tommy Gainey,84,61.04,923,"1,512",-0.25,2013
Jonas Blixt,76,60.89,833,"1,368",-0.25,2013
Padraig Harrington,52,60.88,537,882,-0.23,2013
Tom Gillis,69,60.68,710,"1,170",-0.23,2013
Charlie Wi,75,60.56,774,"1,278",-0.29,2013
Tim Herron,45,59.75,484,810,-0.24,2013
Aaron Baddeley,68,58.00,689,"1,188",-0.31,2013
Mike Weir,60,56.90,594,"1,044",-0.27,2013
Brian Gay,79,56.68,806,"1,422",-0.27,2013
Justin Rose,69,70.34,861,"1,224",-0.25,2012
Bubba Watson,68,69.95,831,"1,188",-0.30,2012
Lee Westwood,60,69.75,678,972,-0.27,2012
Camilo Villegas,79,69.55,964,"1,386",-0.26,2012
Boo Weekley,74,69.53,826,"1,188",-0.21,2012
Russell Knox,72,69.36,824,"1,188",-0.25,2012
Robert Garrigus,89,69.23,"1,109","1,602",-0.28,2012
Brendon de Jonge,115,69.17,"1,382","1,998",-0.28,2012
Jason Dufner,83,69.17,"1,021","1,476",-0.29,2012
John Merrick,83,69.13,983,"1,422",-0.25,2012
Will Claxton,99,69.06,"1,181","1,710",-0.26,2012
Hunter Mahan,88,68.97,"1,018","1,476",-0.24,2012
Ben Curtis,62,68.87,719,"1,044",-0.26,2012
Billy Horschel,63,68.79,681,990,-0.25,2012
Louis Oosthuizen,65,68.78,780,"1,134",-0.28,2012
John Senden,81,68.59,963,"1,404",-0.27,2012
Greg Owen,90,68.58,"1,111","1,620",-0.25,2012
Roberto Castro,92,68.41,"1,059","1,548",-0.24,2012
Steve Stricker,73,68.33,861,"1,260",-0.29,2012
Richard Lee,71,68.29,799,"1,170",-0.27,2012
Sean O'Hair,84,68.25,"1,032","1,512",-0.27,2012
J.J. Henry,93,68.24,"1,044","1,530",-0.21,2012
Jim Furyk,85,68.19,"1,031","1,512",-0.25,2012
Heath Slocum,93,67.84,"1,038","1,530",-0.22,2012
Roland Thatcher,55,67.80,598,882,-0.24,2012
Kevin Stadler,85,67.75,939,"1,386",-0.24,2012
Harris English,98,67.74,"1,195","1,764",-0.26,2012
Daniel Summerhays,81,67.68,938,"1,386",-0.24,2012
Tiger Woods,69,67.58,815,"1,206",-0.29,2012
Bill Lunde,83,67.56,912,"1,350",-0.24,2012
Josh Teater,97,67.50,"1,130","1,674",-0.26,2012
Webb Simpson,77,67.47,923,"1,368",-0.30,2012
Seung-Yul Noh,105,67.41,"1,177","1,746",-0.27,2012
Kyle Reifers,86,67.41,995,"1,476",-0.23,2012
Ricky Barnes,92,67.36,"1,067","1,584",-0.22,2012
Tim Herron,88,67.36,"1,067","1,584",-0.24,2012
Mathew Goggin,65,67.30,739,"1,098",-0.25,2012
Scott Dunlap,57,67.21,617,918,-0.19,2012
Chad Campbell,84,67.13,"1,015","1,512",-0.23,2012
Bo Van Pelt,84,67.07,"1,002","1,494",-0.30,2012
Kyle Stanley,86,67.06,"1,014","1,512",-0.27,2012
Gary Christian,91,66.99,"1,025","1,530",-0.25,2012
Nathan Green,73,66.92,783,"1,170",-0.26,2012
Alexandre Rocha,62,66.87,674,"1,008",-0.20,2012
Kris Blanks,65,66.84,770,"1,152",-0.22,2012
Graham DeLaet,79,66.74,901,"1,350",-0.25,2012
Charles Howell III,98,66.61,"1,175","1,764",-0.25,2012
Chris Kirk,93,66.60,"1,067","1,602",-0.27,2012
Cameron Tringale,88,66.60,"1,055","1,584",-0.24,2012
Adam Scott,59,66.57,695,"1,044",-0.28,2012
Bud Cauley,99,66.55,"1,186","1,782",-0.26,2012
Keegan Bradley,90,66.54,"1,054","1,584",-0.29,2012
Ernie Els,80,66.52,934,"1,404",-0.24,2012
John Mallinger,74,66.51,838,"1,260",-0.24,2012
D.A. Points,88,66.48,"1,053","1,584",-0.25,2012
Charlie Beljan,61,66.46,634,954,-0.27,2012
John Huh,99,66.44,"1,184","1,782",-0.26,2012
Nick Watney,97,66.43,"1,124","1,692",-0.27,2012
Scott Stallings,78,66.38,932,"1,404",-0.24,2012
Rory McIlroy,60,66.36,645,972,-0.33,2012
Charley Hoffman,88,66.35,"1,051","1,584",-0.26,2012
Ryan Moore,89,66.35,"1,063","1,602",-0.30,2012
David Hearn,95,66.32,"1,134","1,710",-0.24,2012
Jeff Overton,101,66.32,"1,158","1,746",-0.29,2012
William McGirt,96,66.30,"1,098","1,656",-0.24,2012
Vaughn Taylor,81,66.30,895,"1,350",-0.26,2012
Graeme McDowell,55,66.26,644,972,-0.29,2012
Matt Every,80,66.23,906,"1,368",-0.27,2012
Vijay Singh,99,66.22,"1,180","1,782",-0.26,2012
Kevin Streelman,89,66.22,"1,037","1,566",-0.25,2012
Steve Wheatcroft,56,66.22,596,900,-0.22,2012
John Rollins,81,66.16,917,"1,386",-0.26,2012
Chez Reavie,83,66.13,988,"1,494",-0.21,2012
David Toms,60,66.09,690,"1,044",-0.24,2012
Jhonattan Vegas,77,66.07,892,"1,350",-0.26,2012
Jason Kokrak,79,66.00,891,"1,350",-0.24,2012
D.J. Trahan,73,65.94,819,"1,242",-0.22,2012
Blake Adams,107,65.91,"1,222","1,854",-0.26,2012
Johnson Wagner,88,65.91,"1,044","1,584",-0.25,2012
Robert Allenby,76,65.79,900,"1,368",-0.22,2012
Dustin Johnson,70,65.75,793,"1,206",-0.29,2012
Scott Piercy,95,65.73,"1,124","1,710",-0.30,2012
Jeff Maggert,83,65.66,981,"1,494",-0.25,2012
Jerry Kelly,84,65.63,945,"1,440",-0.24,2012
Bobby Gates,87,65.39,977,"1,494",-0.25,2012
Matt Kuchar,86,65.38,965,"1,476",-0.27,2012
Henrik Stenson,51,65.37,553,846,-0.25,2012
Michael Bradley,63,65.35,694,"1,062",-0.22,2012
Cameron Beckman,81,65.30,905,"1,386",-0.23,2012
Martin Laird,77,65.30,858,"1,314",-0.27,2012
Brendan Steele,77,65.30,858,"1,314",-0.21,2012
Danny Lee,74,65.24,775,"1,188",-0.27,2012
Bill Haas,79,65.17,915,"1,404",-0.25,2012
Ryan Palmer,81,65.16,950,"1,458",-0.28,2012
Garth Mulroy,59,65.11,668,"1,026",-0.28,2012
Pat Perez,81,65.05,925,"1,422",-0.28,2012
Davis Love III,64,65.02,749,"1,152",-0.27,2012
Rickie Fowler,84,64.99,971,"1,494",-0.26,2012
Sergio Garcia,57,64.98,655,"1,008",-0.28,2012
Luke Donald,63,64.96,725,"1,116",-0.28,2012
Zach Johnson,95,64.95,"1,099","1,692",-0.30,2012
Rod Pampling,88,64.93,935,"1,440",-0.24,2012
Bryce Molder,83,64.91,923,"1,422",-0.25,2012
Rocco Mediate,70,64.84,747,"1,152",-0.25,2012
Ben Crane,73,64.81,840,"1,296",-0.31,2012
Stuart Appleby,75,64.79,828,"1,278",-0.24,2012
Miguel Angel Carballo,73,64.79,758,"1,170",-0.23,2012
Kyle Thompson,51,64.78,548,846,-0.20,2012
Matt Jones,53,64.74,571,882,-0.23,2012
Brandt Jobe,57,64.68,617,954,-0.24,2012
Ken Duke,104,64.61,"1,163","1,800",-0.28,2012
Jason Bohn,81,64.59,872,"1,350",-0.24,2012
Dicky Pride,62,64.51,627,972,-0.26,2012
Scott Brown,65,64.50,685,"1,062",-0.25,2012
J.B. Holmes,90,64.50,952,"1,476",-0.28,2012
Jimmy Walker,101,64.30,"1,169","1,818",-0.29,2012
Stewart Cink,71,64.26,775,"1,206",-0.22,2012
Tim Clark,60,64.26,694,"1,080",-0.24,2012
Gavin Coles,72,64.23,763,"1,188",-0.25,2012
Phil Mickelson,79,64.14,912,"1,422",-0.31,2012
Kevin Chappell,91,64.11,"1,004","1,566",-0.24,2012
Mark Wilson,84,64.03,899,"1,404",-0.22,2012
Billy Mayfair,90,64.02,991,"1,548",-0.22,2012
Troy Matteson,100,64.01,"1,083","1,692",-0.24,2012
Gary Woodland,70,64.01,795,"1,242",-0.25,2012
Martin Flores,95,63.98,"1,071","1,674",-0.26,2012
Brian Harman,101,63.92,"1,162","1,818",-0.28,2012
Carl Pettersson,92,63.89,"1,058","1,656",-0.29,2012
Mark Anderson,75,63.85,793,"1,242",-0.26,2012
Arjun Atwal,79,63.85,839,"1,314",-0.24,2012
Tom Gillis,75,63.85,862,"1,350",-0.28,2012
Brandt Snedeker,81,63.75,895,"1,404",-0.31,2012
Geoff Ogilvy,73,63.66,825,"1,296",-0.26,2012
Jonas Blixt,72,63.65,802,"1,260",-0.33,2012
Chris Couch,61,63.65,676,"1,062",-0.28,2012
Jonathan Byrd,69,63.64,779,"1,224",-0.26,2012
K.J. Choi,71,63.57,801,"1,260",-0.24,2012
Brian Davis,91,63.47,994,"1,566",-0.27,2012
Trevor Immelman,76,63.45,868,"1,368",-0.21,2012
Chris Stroud,86,63.37,981,"1,548",-0.25,2012
Ángel Cabrera,54,63.33,570,900,-0.24,2012
"Ted Potter, Jr.",77,63.32,832,"1,314",-0.23,2012
Nick O'Hern,78,63.29,843,"1,332",-0.21,2012
Michael Thompson,80,63.26,911,"1,440",-0.26,2012
Robert Karlsson,54,63.25,592,936,-0.26,2012
Troy Kelly,68,63.17,705,"1,116",-0.24,2012
Hunter Haas,69,63.14,716,"1,134",-0.25,2012
George McNeill,85,63.03,919,"1,458",-0.25,2012
Patrick Sheehan,58,62.93,589,936,-0.21,2012
Marco Dawson,60,62.76,610,972,-0.26,2012
Marc Leishman,84,62.76,949,"1,512",-0.23,2012
Brian Gay,91,62.71,982,"1,566",-0.26,2012
Charl Schwartzel,56,62.65,609,972,-0.28,2012
Erik Compton,81,62.48,821,"1,314",-0.26,2012
Kevin Kisner,69,62.48,686,"1,098",-0.25,2012
Bob Estes,78,62.39,876,"1,404",-0.26,2012
James Driscoll,83,62.38,887,"1,422",-0.29,2012
Tommy Gainey,98,62.30,"1,099","1,764",-0.28,2012
Rory Sabbatini,84,62.24,941,"1,512",-0.27,2012
Stephen Ames,54,62.18,582,936,-0.21,2012
Padraig Harrington,67,62.17,705,"1,134",-0.28,2012
Colt Knost,79,62.12,861,"1,386",-0.23,2012
John Daly,50,62.08,514,828,-0.30,2012
Edward Loar,59,62.05,592,954,-0.27,2012
Kevin Na,80,62.03,882,"1,422",-0.28,2012
Freddie Jacobson,61,61.85,668,"1,080",-0.24,2012
Tom Pernice Jr.,62,61.69,644,"1,044",-0.23,2012
Ian Poulter,57,61.61,621,"1,008",-0.27,2012
Jason Day,57,61.31,607,990,-0.29,2012
Andres Romero,68,61.30,662,"1,080",-0.24,2012
Harrison Frazar,56,61.21,595,972,-0.26,2012
David Mathis,83,61.04,846,"1,386",-0.25,2012
Spencer Levin,81,60.97,867,"1,422",-0.28,2012
Ryuji Imada,78,60.60,829,"1,368",-0.24,2012
Chris DiMarco,83,60.55,861,"1,422",-0.25,2012
Justin Leonard,79,60.44,816,"1,350",-0.23,2012
Derek Lamely,64,60.30,673,"1,116",-0.26,2012
J.J. Killeen,101,60.27,"1,009","1,674",-0.23,2012
Brendon Todd,78,60.00,756,"1,260",-0.24,2012
Tommy Biershenk,74,59.89,733,"1,224",-0.27,2012
Greg Chalmers,88,59.83,937,"1,566",-0.29,2012
Sangmoon Bae,81,59.81,829,"1,386",-0.29,2012
Daniel Chopra,55,59.80,549,918,-0.29,2012
Charlie Wi,86,59.69,924,"1,548",-0.27,2012
Ryo Ishikawa,54,59.61,515,864,-0.24,2012
Stephen Gangluff,57,59.15,543,918,-0.22,2012
Sung Kang,75,59.15,756,"1,278",-0.22,2012
Matt Bettencourt,80,58.95,764,"1,296",-0.26,2012
Y.E. Yang,64,58.51,653,"1,116",-0.27,2012
Aaron Baddeley,73,58.10,753,"1,296",-0.30,2012
Billy Hurley III,70,57.74,686,"1,188",-0.23,2012
Boo Weekley,66,71.68,800,"1,116",-0.23,2011
Heath Slocum,89,71.40,"1,131","1,584",-0.23,2011
Joe Durant,71,71.26,885,"1,242",-0.18,2011
Chad Campbell,99,71.13,"1,242","1,746",-0.22,2011
John Senden,94,70.86,"1,199","1,692",-0.26,2011
David Toms,78,70.20,935,"1,332",-0.27,2011
Ernie Els,71,69.89,868,"1,242",-0.22,2011
Webb Simpson,98,69.84,"1,232","1,764",-0.32,2011
Bubba Watson,85,69.83,993,"1,422",-0.29,2011
Justin Rose,79,69.48,963,"1,386",-0.26,2011
Bill Haas,93,69.44,"1,150","1,656",-0.27,2011
Gary Woodland,93,69.41,"1,162","1,674",-0.28,2011
Bill Lunde,92,69.38,"1,099","1,584",-0.25,2011
Brandt Jobe,100,69.16,"1,195","1,728",-0.26,2011
Briny Baird,60,69.14,672,972,-0.24,2011
John Rollins,85,69.08,"1,032","1,494",-0.26,2011
D.J. Trahan,91,68.99,"1,130","1,638",-0.23,2011
J.J. Henry,96,68.96,"1,142","1,656",-0.24,2011
Charles Howell III,108,68.91,"1,290","1,872",-0.25,2011
Kris Blanks,92,68.89,"1,116","1,620",-0.24,2011
David Hearn,88,68.82,991,"1,440",-0.23,2011
Hunter Mahan,92,68.79,"1,102","1,602",-0.29,2011
Billy Mayfair,94,68.77,"1,114","1,620",-0.24,2011
John Merrick,71,68.69,779,"1,134",-0.25,2011
William McGirt,103,68.63,"1,223","1,782",-0.23,2011
Chez Reavie,92,68.60,"1,136","1,656",-0.26,2011
Dustin Johnson,72,68.39,874,"1,278",-0.30,2011
Davis Love III,70,68.25,860,"1,260",-0.25,2011
Alexandre Rocha,65,68.23,700,"1,026",-0.19,2011
Kyle Stanley,98,68.21,"1,105","1,620",-0.28,2011
Trevor Immelman,84,68.12,"1,030","1,512",-0.24,2011
Adam Scott,60,68.08,723,"1,062",-0.28,2011
Kevin Stadler,88,68.06,980,"1,440",-0.26,2011
Bo Van Pelt,92,68.02,"1,102","1,620",-0.26,2011
Spencer Levin,113,67.99,"1,334","1,962",-0.26,2011
Jim Herman,69,67.94,746,"1,098",-0.21,2011
Michael Bradley,74,67.62,852,"1,260",-0.25,2011
Jim Furyk,87,67.57,"1,046","1,548",-0.24,2011
Robert Allenby,84,67.54,"1,009","1,494",-0.24,2011
Brian Davis,105,67.35,"1,273","1,890",-0.27,2011
Luke Donald,73,67.33,812,"1,206",-0.33,2011
Jason Bohn,74,67.30,848,"1,260",-0.26,2011
Cameron Tringale,110,67.30,"1,284","1,908",-0.25,2011
Jhonattan Vegas,84,67.22,968,"1,440",-0.25,2011
Johnson Wagner,81,67.17,931,"1,386",-0.22,2011
Aron Price,58,67.09,628,936,-0.25,2011
Billy Horschel,75,67.07,833,"1,242",-0.24,2011
Tommy Gainey,104,67.00,"1,206","1,800",-0.27,2011
Chris Stroud,88,67.00,"1,013","1,512",-0.25,2011
Matt Kuchar,94,66.98,"1,061","1,584",-0.30,2011
Phil Mickelson,79,66.96,928,"1,386",-0.28,2011
Jason Dufner,78,66.95,940,"1,404",-0.26,2011
Josh Teater,104,66.89,"1,180","1,764",-0.27,2011
Woody Austin,59,66.88,638,954,-0.26,2011
Nick Watney,80,66.88,927,"1,386",-0.32,2011
Sergio Garcia,61,66.85,734,"1,098",-0.26,2011
Charley Hoffman,93,66.79,"1,106","1,656",-0.30,2011
Chris Kirk,87,66.67,"1,044","1,566",-0.29,2011
Nick O'Hern,89,66.67,"1,020","1,530",-0.24,2011
Scott Stallings,84,66.60,935,"1,404",-0.26,2011
Martin Laird,77,66.59,911,"1,368",-0.30,2011
Ricky Barnes,78,66.52,934,"1,404",-0.24,2011
J.B. Holmes,57,66.46,634,954,-0.31,2011
Vijay Singh,79,66.46,945,"1,422",-0.26,2011
Brendon de Jonge,105,66.45,"1,208","1,818",-0.28,2011
Steve Elkington,50,66.44,598,900,-0.23,2011
Zach Johnson,79,66.38,932,"1,404",-0.27,2011
Ben Crane,76,66.36,872,"1,314",-0.25,2011
Tom Gillis,55,66.36,657,990,-0.21,2011
Jerry Kelly,85,66.25,954,"1,440",-0.25,2011
Hunter Haas,96,66.24,"1,097","1,656",-0.27,2011
Robert Garrigus,83,66.13,988,"1,494",-0.28,2011
Kent Jones,76,66.12,845,"1,278",-0.22,2011
Alex Cejka,59,66.10,702,"1,062",-0.25,2011
Graeme McDowell,50,66.08,559,846,-0.27,2011
Vaughn Taylor,89,66.04,"1,058","1,602",-0.27,2011
Mark Wilson,89,66.03,"1,034","1,566",-0.24,2011
Steve Stricker,70,66.02,820,"1,242",-0.34,2011
Charl Schwartzel,58,65.97,665,"1,008",-0.27,2011
Alex Prugh,82,65.95,926,"1,404",-0.25,2011
K.J. Choi,77,65.93,890,"1,350",-0.24,2011
Lucas Glover,74,65.92,878,"1,332",-0.28,2011
Keegan Bradley,91,65.90,"1,032","1,566",-0.28,2011
Rod Pampling,72,65.89,759,"1,152",-0.25,2011
Scott Piercy,78,65.84,877,"1,332",-0.28,2011
Rory Sabbatini,85,65.84,960,"1,458",-0.25,2011
Ben Curtis,66,65.82,782,"1,188",-0.22,2011
Steve Marino,76,65.79,900,"1,368",-0.28,2011
Carl Pettersson,95,65.77,"1,101","1,674",-0.30,2011
Justin Hicks,60,65.71,615,936,-0.17,2011
Jonathan Byrd,83,65.65,969,"1,476",-0.28,2011
Tim Herron,85,65.64,957,"1,458",-0.25,2011
Troy Matteson,91,65.64,"1,028","1,566",-0.27,2011
Kevin Streelman,90,65.62,"1,063","1,620",-0.26,2011
Marc Turnesa,54,65.60,614,936,-0.21,2011
Ian Poulter,52,65.58,602,918,-0.27,2011
Blake Adams,116,65.48,"1,320","2,016",-0.27,2011
Aaron Baddeley,77,65.48,884,"1,350",-0.30,2011
Brendan Steele,89,65.45,"1,025","1,566",-0.28,2011
Pat Perez,76,65.42,895,"1,368",-0.28,2011
Stephen Ames,69,65.30,764,"1,170",-0.23,2011
Michael Thompson,79,65.30,858,"1,314",-0.26,2011
Joseph Bramlett,73,65.21,763,"1,170",-0.21,2011
Fabián Gómez,84,65.20,892,"1,368",-0.25,2011
Paul Stankowski,78,65.20,845,"1,296",-0.25,2011
Chris DiMarco,93,65.11,"1,043","1,602",-0.25,2011
Jim Renner,65,65.01,667,"1,026",-0.25,2011
Bryce Molder,82,65.00,936,"1,440",-0.30,2011
Chris Couch,73,64.99,854,"1,314",-0.31,2011
Jason Day,76,64.92,853,"1,314",-0.31,2011
D.A. Points,89,64.92,"1,040","1,602",-0.28,2011
Justin Leonard,82,64.91,958,"1,476",-0.21,2011
Brandt Snedeker,85,64.90,993,"1,530",-0.31,2011
Kevin Chappell,78,64.89,841,"1,296",-0.26,2011
Chris Riley,76,64.81,840,"1,296",-0.21,2011
Sung Kang,63,64.78,688,"1,062",-0.28,2011
Ben Martin,74,64.76,816,"1,260",-0.27,2011
Bobby Gates,82,64.71,862,"1,332",-0.24,2011
Jeff Overton,92,64.53,"1,057","1,638",-0.27,2011
Rickie Fowler,84,64.47,940,"1,458",-0.31,2011
Paul Goydos,81,64.47,940,"1,458",-0.23,2011
Marc Leishman,87,64.43,"1,009","1,566",-0.26,2011
Andres Gonzales,60,64.42,603,936,-0.25,2011
Garrett Willis,71,64.41,800,"1,242",-0.25,2011
Retief Goosen,50,64.40,568,882,-0.27,2011
Shane Bertsch,62,64.38,649,"1,008",-0.28,2011
Michael Putnam,67,64.37,730,"1,134",-0.24,2011
Stewart Cink,72,64.31,764,"1,188",-0.26,2011
David Mathis,83,64.29,891,"1,386",-0.26,2011
Ryuji Imada,83,64.26,960,"1,494",-0.25,2011
Roland Thatcher,67,64.26,775,"1,206",-0.25,2011
George McNeill,69,64.21,705,"1,098",-0.29,2011
Padraig Harrington,60,64.12,681,"1,062",-0.24,2011
Troy Merritt,63,64.12,704,"1,098",-0.21,2011
David Duval,67,64.10,773,"1,206",-0.25,2011
Jimmy Walker,79,63.92,909,"1,422",-0.26,2011
Ángel Cabrera,50,63.89,529,828,-0.30,2011
Michael Connell,76,63.82,873,"1,368",-0.22,2011
Ryan Palmer,82,63.75,918,"1,440",-0.27,2011
Charlie Wi,83,63.65,951,"1,494",-0.28,2011
Steven Bowditch,86,63.62,939,"1,476",-0.31,2011
Tag Ridings,87,63.58,927,"1,458",-0.26,2011
Freddie Jacobson,92,63.56,961,"1,512",-0.29,2011
James Driscoll,71,63.50,743,"1,170",-0.26,2011
Brian Gay,90,63.44,982,"1,548",-0.26,2011
Richard Johnson,64,63.41,662,"1,044",-0.20,2011
Andres Romero,77,63.41,856,"1,350",-0.32,2011
Robert Karlsson,61,63.37,673,"1,062",-0.28,2011
Arjun Atwal,91,63.25,"1,036","1,638",-0.26,2011
Daniel Summerhays,75,63.24,831,"1,314",-0.21,2011
Cameron Beckman,71,63.18,762,"1,206",-0.25,2011
Sean O'Hair,71,63.17,796,"1,260",-0.23,2011
Lee Janzen,62,63.10,636,"1,008",-0.29,2011
Shaun Micheel,77,63.01,828,"1,314",-0.20,2011
Ryan Moore,79,62.89,849,"1,350",-0.29,2011
Derek Lamely,65,62.87,713,"1,134",-0.25,2011
Matt McQuillan,59,62.63,620,990,-0.26,2011
Geoff Ogilvy,69,62.63,744,"1,188",-0.28,2011
Dean Wilson,62,62.63,699,"1,116",-0.25,2011
Scott Gutschewski,67,62.62,665,"1,062",-0.23,2011
Joe Ogilvie,75,62.60,755,"1,206",-0.29,2011
Y.E. Yang,63,62.52,664,"1,062",-0.27,2011
Camilo Villegas,69,62.50,765,"1,224",-0.26,2011
Harrison Frazar,58,62.45,652,"1,044",-0.25,2011
Matt Jones,71,62.36,797,"1,278",-0.28,2011
Nathan Green,81,62.34,864,"1,386",-0.24,2011
Tim Petrovic,88,62.17,940,"1,512",-0.25,2011
Rocco Mediate,53,62.16,593,954,-0.21,2011
Matt Bettencourt,84,62.10,939,"1,512",-0.28,2011
Will Strickler,51,62.06,525,846,-0.23,2011
Colt Knost,80,62.01,826,"1,332",-0.23,2011
Rich Beem,53,61.95,591,954,-0.19,2011
Jarrod Lyle,83,61.95,881,"1,422",-0.23,2011
Zack Miller,86,61.79,912,"1,476",-0.24,2011
Stuart Appleby,65,61.62,721,"1,170",-0.25,2011
Anthony Kim,72,61.58,787,"1,278",-0.28,2011
Nate Smith,66,61.57,665,"1,080",-0.26,2011
J.P. Hayes,56,61.52,598,972,-0.23,2011
Greg Chalmers,88,61.24,948,"1,548",-0.29,2011
Kevin Na,84,61.04,923,"1,512",-0.31,2011
Martin Piller,63,61.02,648,"1,062",-0.24,2011
D.J. Brigman,67,60.92,647,"1,062",-0.24,2011
Scott McCarron,65,60.75,667,"1,098",-0.26,2011
Kevin Kisner,70,60.59,698,"1,152",-0.26,2011
Steve Flesch,88,59.85,905,"1,512",-0.28,2011
Bio Kim,71,59.49,696,"1,170",-0.26,2011
John Senden,103,72.49,"1,344","1,854",-0.23,2010
Kevin Sutherland,86,71.96,"1,114","1,548",-0.24,2010
Joe Durant,67,71.95,790,"1,098",-0.25,2010
Charles Warren,64,71.74,749,"1,044",-0.25,2010
Troy Matteson,84,71.43,"1,080","1,512",-0.22,2010
Graham DeLaet,88,71.27,"1,052","1,476",-0.25,2010
D.J. Trahan,92,71.26,"1,180","1,656",-0.26,2010
Kris Blanks,91,71.15,"1,063","1,494",-0.20,2010
Paul Stankowski,62,70.88,689,972,-0.28,2010
Aron Price,70,70.49,812,"1,152",-0.25,2010
Cameron Percy,73,70.42,862,"1,224",-0.23,2010
Mark Wilson,87,70.28,"1,050","1,494",-0.22,2010
Davis Love III,79,70.25,999,"1,422",-0.24,2010
John Merrick,109,70.24,"1,277","1,818",-0.24,2010
Cameron Tringale,55,70.18,619,882,-0.21,2010
Brett Quigley,96,70.12,"1,199","1,710",-0.24,2010
Brendon de Jonge,114,70.07,"1,337","1,908",-0.28,2010
Garth Mulroy,53,70.07,618,882,-0.22,2010
Boo Weekley,88,70.07,"1,009","1,440",-0.22,2010
Jonathan Byrd,85,70.00,"1,071","1,530",-0.25,2010
Bill Haas,87,69.92,"1,095","1,566",-0.26,2010
Rickie Fowler,98,69.90,"1,233","1,764",-0.26,2010
Spencer Levin,110,69.88,"1,283","1,836",-0.26,2010
Garrett Willis,82,69.87,981,"1,404",-0.25,2010
Tom Pernice Jr.,74,69.78,829,"1,188",-0.23,2010
Mathew Goggin,85,69.74,"1,067","1,530",-0.22,2010
Roger Tambellini,77,69.73,866,"1,242",-0.19,2010
Jeff Gove,57,69.72,640,918,-0.18,2010
Billy Mayfair,78,69.68,878,"1,260",-0.20,2010
Nick Watney,91,69.63,"1,103","1,584",-0.29,2010
Adam Scott,70,69.61,852,"1,224",-0.26,2010
Heath Slocum,97,69.59,"1,165","1,674",-0.22,2010
Briny Baird,87,69.41,"1,037","1,494",-0.22,2010
Matt Kuchar,97,69.36,"1,186","1,710",-0.30,2010
Rocco Mediate,71,69.32,861,"1,242",-0.20,2010
Chris Stroud,90,69.31,"1,023","1,476",-0.23,2010
Bo Van Pelt,104,69.23,"1,296","1,872",-0.27,2010
Henrik Bjornstad,72,69.11,821,"1,188",-0.24,2010
Chad Campbell,94,69.06,"1,156","1,674",-0.23,2010
Kenny Perry,69,69.04,845,"1,224",-0.21,2010
Greg Owen,69,69.00,857,"1,242",-0.23,2010
Dean Wilson,54,68.98,596,864,-0.26,2010
Pat Perez,90,68.95,"1,117","1,620",-0.27,2010
Jay Williamson,76,68.95,844,"1,224",-0.22,2010
Josh Teater,101,68.80,"1,226","1,782",-0.24,2010
J.J. Henry,92,68.72,"1,039","1,512",-0.24,2010
Steve Elkington,74,68.71,841,"1,224",-0.25,2010
Paul Casey,64,68.68,717,"1,044",-0.30,2010
Michael Bradley,77,68.65,902,"1,314",-0.23,2010
Hunter Mahan,85,68.65,"1,038","1,512",-0.25,2010
Vijay Singh,75,68.62,914,"1,332",-0.24,2010
Stewart Cink,84,68.61,988,"1,440",-0.27,2010
Alex Prugh,88,68.60,"1,062","1,548",-0.28,2010
Charles Howell III,103,68.57,"1,222","1,782",-0.26,2010
Bubba Watson,77,68.54,950,"1,386",-0.31,2010
K.J. Choi,82,68.52,962,"1,404",-0.26,2010
Will MacKenzie,72,68.52,888,"1,296",-0.24,2010
Richard Johnson,90,68.50,"1,011","1,476",-0.23,2010
Vaughn Taylor,87,68.33,"1,070","1,566",-0.27,2010
Steve Stricker,73,68.29,885,"1,296",-0.29,2010
Johnson Wagner,85,68.24,995,"1,458",-0.24,2010
Ricky Barnes,103,68.23,"1,265","1,854",-0.26,2010
Ben Crane,85,68.22,"1,007","1,476",-0.27,2010
Sean O'Hair,84,68.22,"1,007","1,476",-0.23,2010
Omar Uresti,74,68.22,835,"1,224",-0.19,2010
John Rollins,81,68.18,994,"1,458",-0.25,2010
Robert Allenby,76,68.17,908,"1,332",-0.27,2010
Brett Wetterich,54,68.11,662,972,-0.26,2010
Ben Curtis,78,68.02,955,"1,404",-0.21,2010
Dustin Johnson,83,67.95,"1,003","1,476",-0.30,2010
Kevin Stadler,86,67.95,954,"1,404",-0.27,2010
Woody Austin,93,67.92,"1,088","1,602",-0.24,2010
Michael Letzig,84,67.92,"1,027","1,512",-0.26,2010
D.A. Points,90,67.90,"1,100","1,620",-0.23,2010
Ernie Els,72,67.86,855,"1,260",-0.27,2010
Nicholas Thompson,88,67.86,"1,026","1,512",-0.23,2010
Martin Laird,91,67.83,"1,111","1,638",-0.26,2010
Freddie Jacobson,83,67.80,"1,013","1,494",-0.26,2010
Stephen Ames,75,67.79,903,"1,332",-0.25,2010
Jason Bohn,84,67.79,"1,025","1,512",-0.27,2010
Bob Estes,79,67.79,964,"1,422",-0.23,2010
Scott Piercy,88,67.74,"1,073","1,584",-0.28,2010
Geoff Ogilvy,62,67.69,731,"1,080",-0.28,2010
Jason Day,82,67.68,999,"1,476",-0.25,2010
Lee Janzen,77,67.68,938,"1,386",-0.23,2010
Robert Garrigus,71,67.61,791,"1,170",-0.28,2010
David Toms,86,67.58,"1,034","1,530",-0.27,2010
Jerry Kelly,99,67.49,"1,154","1,710",-0.24,2010
Steve Marino,81,67.49,984,"1,458",-0.27,2010
Lucas Glover,75,67.42,898,"1,332",-0.26,2010
Chris DiMarco,88,67.39,"1,019","1,512",-0.25,2010
Chris Riley,73,67.33,812,"1,206",-0.24,2010
Jim Furyk,76,67.12,894,"1,332",-0.26,2010
John Mallinger,78,67.11,918,"1,368",-0.24,2010
Michael Connell,89,66.94,976,"1,458",-0.25,2010
Jeff Overton,89,66.86,"1,023","1,530",-0.29,2010
James Driscoll,78,66.81,938,"1,404",-0.26,2010
Brent Delahoussaye,57,66.78,613,918,-0.20,2010
Mathias Grönberg,61,66.77,661,990,-0.21,2010
Jeff Maggert,76,66.75,817,"1,224",-0.22,2010
Rory Sabbatini,79,66.74,913,"1,368",-0.27,2010
Blake Adams,84,66.73,985,"1,476",-0.26,2010
Tim Clark,88,66.73,"1,021","1,530",-0.27,2010
Jason Dufner,87,66.67,"1,044","1,566",-0.23,2010
Cliff Kresge,50,66.67,552,828,-0.22,2010
Marc Leishman,87,66.67,"1,044","1,566",-0.25,2010
Ryan Moore,80,66.67,948,"1,422",-0.27,2010
Kevin Streelman,90,66.67,"1,032","1,548",-0.29,2010
Alex Cejka,81,66.60,947,"1,422",-0.23,2010
Charlie Wi,95,66.55,"1,138","1,710",-0.27,2010
Zach Johnson,93,66.54,"1,090","1,638",-0.28,2010
Charley Hoffman,85,66.53,994,"1,494",-0.31,2010
Tim Herron,79,66.51,874,"1,314",-0.24,2010
Chris Couch,66,66.50,790,"1,188",-0.30,2010
Brenden Pappas,66,66.49,742,"1,116",-0.24,2010
James Nitties,92,66.47,"1,029","1,548",-0.26,2010
Chris Tidland,77,66.36,872,"1,314",-0.24,2010
Tim Petrovic,105,66.35,"1,254","1,890",-0.25,2010
Justin Rose,78,66.31,931,"1,404",-0.28,2010
Rory McIlroy,54,66.24,620,936,-0.25,2010
Webb Simpson,98,66.16,"1,167","1,764",-0.28,2010
Cameron Beckman,68,66.15,762,"1,152",-0.21,2010
Sergio Garcia,58,66.13,619,936,-0.24,2010
David Duval,71,66.10,821,"1,242",-0.27,2010
Joe Ogilvie,99,66.07,"1,106","1,674",-0.26,2010
Trevor Immelman,55,66.06,654,990,-0.20,2010
Camilo Villegas,78,66.05,856,"1,296",-0.25,2010
George McNeill,79,66.03,939,"1,422",-0.27,2010
Greg Chalmers,93,66.01,"1,105","1,674",-0.27,2010
J.P. Hayes,79,66.00,891,"1,350",-0.28,2010
Tom Gillis,97,65.98,"1,152","1,746",-0.30,2010
Andrew McLardy,52,65.97,570,864,-0.22,2010
Retief Goosen,75,65.96,843,"1,278",-0.29,2010
Paul Goydos,78,65.95,926,"1,404",-0.25,2010
Y.E. Yang,72,65.95,831,"1,260",-0.28,2010
Roland Thatcher,72,65.90,854,"1,296",-0.21,2010
Kevin Na,94,65.89,"1,103","1,674",-0.28,2010
Jimmy Walker,82,65.88,925,"1,404",-0.26,2010
Bill Lunde,79,65.85,889,"1,350",-0.22,2010
Scott McCarron,90,65.80,"1,066","1,620",-0.26,2010
Ángel Cabrera,64,65.78,746,"1,134",-0.25,2010
John Daly,63,65.66,650,990,-0.26,2010
Steve Lowery,67,65.52,743,"1,134",-0.23,2010
J.B. Holmes,100,65.50,"1,179","1,800",-0.29,2010
Mark Calcavecchia,50,65.48,495,756,-0.22,2010
Troy Merritt,86,65.48,990,"1,512",-0.29,2010
Ryan Palmer,84,65.48,990,"1,512",-0.30,2010
Jeff Quinney,91,65.45,"1,025","1,566",-0.28,2010
Jarrod Lyle,54,65.34,541,828,-0.23,2010
Michael Sim,64,65.34,741,"1,134",-0.28,2010
Matt Jones,89,65.29,"1,046","1,602",-0.29,2010
Luke Donald,71,65.28,799,"1,224",-0.26,2010
Bryce Molder,84,65.28,940,"1,440",-0.25,2010
Jeev Milkha Singh,59,65.28,611,936,-0.23,2010
Phil Mickelson,76,65.13,891,"1,368",-0.31,2010
Justin Leonard,89,65.09,"1,031","1,584",-0.26,2010
Andres Romero,73,65.07,855,"1,314",-0.26,2010
Brian Stuard,81,65.04,878,"1,350",-0.24,2010
Rod Pampling,77,64.94,900,"1,386",-0.24,2010
Justin Bolli,55,64.85,572,882,-0.19,2010
Martin Flores,75,64.79,828,"1,278",-0.25,2010
Matt Every,60,64.75,676,"1,044",-0.28,2010
Shaun Micheel,70,64.61,721,"1,116",-0.25,2010
Aaron Baddeley,94,64.60,"1,093","1,692",-0.31,2010
Ryuji Imada,90,64.51,"1,045","1,620",-0.27,2010
David Lutterus,69,64.29,729,"1,134",-0.21,2010
Ted Purdy,86,63.96,944,"1,476",-0.24,2010
Scott Verplank,74,63.85,839,"1,314",-0.26,2010
Carl Pettersson,99,63.80,"1,045","1,638",-0.29,2010
Steve Wheatcroft,74,63.47,754,"1,188",-0.25,2010
Brian Gay,101,63.44,"1,119","1,764",-0.27,2010
Chad Collins,87,63.29,900,"1,422",-0.27,2010
Chris Wilson,65,63.28,672,"1,062",-0.21,2010
Nathan Green,86,63.18,978,"1,548",-0.24,2010
Brian Davis,101,63.09,"1,147","1,818",-0.24,2010
Steve Flesch,78,62.76,836,"1,332",-0.25,2010
Vance Veazey,58,62.71,587,936,-0.22,2010
Craig Bowden,56,62.64,575,918,-0.18,2010
Skip Kendall,58,62.56,563,900,-0.23,2010
Kevin Johnson,62,62.50,630,"1,008",-0.21,2010
Ian Poulter,55,62.47,551,882,-0.23,2010
Brandt Snedeker,89,62.36,999,"1,602",-0.31,2010
Derek Lamely,81,61.93,836,"1,350",-0.25,2010
Padraig Harrington,57,61.90,624,"1,008",-0.29,2010
Stuart Appleby,101,61.84,"1,102","1,782",-0.26,2010
Rich Barcelo,70,61.72,711,"1,152",-0.27,2010
Daniel Chopra,74,61.64,821,"1,332",-0.27,2010
Greg Kraft,52,60.63,502,828,-0.19,2010
Matt Bettencourt,91,60.17,899,"1,494",-0.30,2010
Brad Faxon,58,59.05,574,972,-0.26,2010
Jerod Turner,54,58.94,488,828,-0.25,2010
Mike Weir,59,57.89,594,"1,026",-0.26,2010
