Player Name,Rounds,Average Scrambling,Par or Better,Missed GIR,Year
Webb Simpson,95,66.10,351,531,2018
Johnson Wagner,75,65.41,261,399,2018
Louis Oosthuizen,62,64.26,214,333,2018
Ryan Moore,78,64.16,281,438,2018
Tiger Woods,68,64.16,256,399,2018
Alex Cejka,77,64.00,288,450,2018
Seamus Power,86,63.80,312,489,2018
Kevin Na,91,63.62,348,547,2018
Matt Kuchar,88,63.60,304,478,2018
Chris Kirk,108,63.53,385,606,2018
Joel Dahmen,93,63.31,302,477,2018
Brooks Koepka,64,63.28,224,354,2018
Brian Gay,103,63.26,408,645,2018
Rickie Fowler,74,63.05,256,406,2018
Justin Rose,70,63.03,225,357,2018
Ben Crane,65,63.00,235,373,2018
Rory McIlroy,64,62.97,233,370,2018
Patrick Reed,94,62.94,355,564,2018
William McGirt,84,62.86,286,455,2018
Abraham Ancer,98,62.69,363,579,2018
Jim Furyk,50,62.58,199,318,2018
Tyrrell Hatton,58,62.58,204,326,2018
Dustin Johnson,77,62.50,245,392,2018
Justin Thomas,91,62.47,288,461,2018
Jason Day,75,62.35,265,425,2018
Zach Johnson,94,62.35,318,510,2018
Chez Reavie,93,62.27,302,485,2018
Austin Cook,107,62.02,400,645,2018
Nick Taylor,94,61.83,324,524,2018
Alex Noren,67,61.74,234,379,2018
Jordan Spieth,81,61.63,249,404,2018
Andrew Putnam,97,61.52,291,473,2018
Zac Blair,64,61.43,215,350,2018
Tom Hoge,101,61.41,374,609,2018
Rory Sabbatini,91,61.36,316,515,2018
Peter Malnati,87,61.30,339,553,2018
Byeong Hun An,86,61.16,296,484,2018
Cameron Smith,85,61.12,316,517,2018
Aaron Baddeley,84,61.09,314,514,2018
Jamie Lovemark,92,61.07,342,560,2018
Emiliano Grillo,94,61.05,315,516,2018
Steve Wheatcroft,60,61.03,213,349,2018
Kevin Streelman,94,60.93,287,471,2018
Charles Howell III,104,60.87,336,552,2018
Scott Stallings,96,60.86,339,557,2018
Danny Lee,88,60.81,329,541,2018
Hideki Matsuyama,75,60.80,242,398,2018
Henrik Stenson,60,60.67,162,267,2018
Nate Lashley,51,60.59,163,269,2018
Paul Casey,74,60.58,249,411,2018
Bill Haas,76,60.34,283,469,2018
Kevin Kisner,89,60.29,293,486,2018
Wesley Bryan,69,60.17,281,467,2018
Matt Jones,70,60.16,225,374,2018
Ryan Armour,109,60.13,368,612,2018
Bud Cauley,55,60.12,205,341,2018
Brandt Snedeker,84,60.08,310,516,2018
Beau Hossler,104,60.00,360,600,2018
Conrad Shindler,60,60.00,204,340,2018
Chris Stroud,81,59.96,292,487,2018
Graeme McDowell,67,59.95,226,377,2018
Vaughn Taylor,83,59.91,281,469,2018
Bryson DeChambeau,93,59.84,304,508,2018
Lucas Glover,65,59.83,216,361,2018
Denny McCarthy,71,59.83,216,361,2018
Jonathan Randolph,71,59.83,277,463,2018
James Hahn,85,59.62,279,468,2018
Rob Oppenheim,74,59.55,262,440,2018
Talor Gooch,78,59.53,281,472,2018
Russell Knox,94,59.43,293,493,2018
Chad Campbell,87,59.39,291,490,2018
Brian Stuard,103,59.23,340,574,2018
Martin Laird,73,59.15,236,399,2018
Jimmy Walker,81,59.09,312,528,2018
Marc Leishman,93,59.07,319,540,2018
Daniel Berger,81,58.94,267,453,2018
Kelly Kraft,94,58.93,353,599,2018
Dominic Bozzelli,65,58.86,269,457,2018
Fabián Gómez,88,58.85,286,486,2018
Hunter Mahan,67,58.81,207,352,2018
Ben Martin,64,58.80,244,415,2018
Francesco Molinari,73,58.67,220,375,2018
Brice Garnett,99,58.63,333,568,2018
Jhonattan Vegas,92,58.60,327,558,2018
Adam Hadwin,92,58.59,300,512,2018
David Lingmerth,82,58.57,304,519,2018
Roberto Díaz,72,58.56,260,444,2018
Whee Kim,93,58.56,342,584,2018
Shawn Stefani,76,58.43,253,433,2018
Luke List,98,58.41,316,541,2018
Phil Mickelson,90,58.36,321,550,2018
Anirban Lahiri,82,58.35,304,521,2018
Jonathan Byrd,70,58.31,207,355,2018
Jason Dufner,71,58.25,240,412,2018
Xinjun Zhang,81,58.20,259,445,2018
Harold Varner III,91,58.14,300,516,2018
Tyrone Van Aswegen,101,58.08,338,582,2018
Billy Horschel,86,58.03,242,417,2018
Rafa Cabrera Bello,75,57.98,218,376,2018
John Huh,94,57.94,321,554,2018
Charl Schwartzel,65,57.88,235,406,2018
Peter Uihlein,83,57.87,261,451,2018
Harris English,84,57.86,298,515,2018
Xander Schauffele,96,57.81,333,576,2018
Branden Grace,67,57.78,219,379,2018
Martin Piller,79,57.74,317,549,2018
Matt Atkins,56,57.60,197,342,2018
Troy Merritt,89,57.60,307,533,2018
Patrick Cantlay,87,57.58,243,422,2018
Sean O'Hair,67,57.56,236,410,2018
J.T. Poston,73,57.53,233,405,2018
Corey Conners,97,57.52,287,499,2018
"Ted Potter, Jr.",87,57.51,333,579,2018
Blayne Barber,69,57.46,208,362,2018
Ricky Barnes,65,57.40,221,385,2018
Ben Silverman,90,57.36,304,530,2018
Cameron Percy,56,57.30,157,274,2018
Si Woo Kim,108,57.23,388,678,2018
Tony Finau,105,57.22,301,526,2018
Patrick Rodgers,97,57.22,329,575,2018
Jon Rahm,71,57.18,203,355,2018
J.B. Holmes,77,57.14,268,469,2018
Ian Poulter,73,57.11,217,380,2018
Retief Goosen,60,56.98,204,358,2018
Andrew Landry,82,56.97,282,495,2018
Brian Harman,94,56.95,299,525,2018
Ollie Schniederjans,91,56.95,332,583,2018
C.T. Pan,104,56.89,289,508,2018
Robert Garrigus,80,56.84,270,475,2018
Jonas Blixt,67,56.83,237,417,2018
Keegan Bradley,98,56.78,293,516,2018
Kevin Tway,110,56.77,352,620,2018
Stephan Jaeger,81,56.76,252,444,2018
Rod Pampling,62,56.67,221,390,2018
Bubba Watson,90,56.64,256,452,2018
Chesson Hadley,103,56.60,326,576,2018
Keith Mitchell,99,56.55,302,534,2018
Richy Werenski,98,56.49,309,547,2018
Sam Ryder,82,56.47,227,402,2018
Brett Stegmaier,67,56.44,184,326,2018
Kevin Chappell,77,56.28,251,446,2018
Aaron Wise,90,56.28,278,494,2018
Charley Hoffman,87,56.22,271,482,2018
Michael Kim,74,56.05,278,496,2018
Scott Piercy,84,55.96,244,436,2018
Brandon Harkins,101,55.88,328,587,2018
Sam Saunders,80,55.79,260,466,2018
Tommy Fleetwood,73,55.77,203,364,2018
Michael Thompson,62,55.77,174,312,2018
Lanto Griffin,80,55.76,242,434,2018
J.J. Spaun,85,55.76,242,434,2018
Stewart Cink,87,55.69,274,492,2018
Nick Watney,94,55.68,289,519,2018
David Hearn,66,55.65,187,336,2018
Pat Perez,82,55.63,242,435,2018
Bronson Burgoon,69,55.61,218,392,2018
Kiradech Aphibarnrat,51,55.59,174,313,2018
Ryan Blaum,81,55.46,264,476,2018
Ryan Palmer,69,55.38,216,390,2018
Patton Kizzire,92,55.24,274,496,2018
Cameron Tringale,67,55.24,216,391,2018
Jason Kokrak,99,55.11,291,528,2018
Derek Fathauer,84,54.99,314,571,2018
Billy Hurley III,70,54.93,234,426,2018
Martin Flores,92,54.89,286,521,2018
Ethan Tracy,72,54.88,236,430,2018
Daniel Summerhays,51,54.86,192,350,2018
Adam Scott,78,54.85,226,412,2018
Kyle Stanley,93,54.80,251,458,2018
Scott Brown,102,54.79,332,606,2018
J.J. Henry,81,54.77,218,398,2018
Adam Schenk,86,54.55,252,462,2018
Gary Woodland,96,54.45,263,483,2018
Trey Mullinax,75,54.42,234,430,2018
Russell Henley,77,54.33,226,416,2018
Grayson Murray,72,54.32,264,486,2018
Mackenzie Hughes,80,54.19,252,465,2018
Kyle Thompson,50,54.02,168,311,2018
Hudson Swafford,73,54.01,202,374,2018
Nicholas Lindheim,77,53.90,214,397,2018
Shane Lowry,64,53.48,169,316,2018
D.A. Points,63,53.32,233,437,2018
Cody Gribble,71,53.30,234,439,2018
Robert Streb,78,52.89,247,467,2018
Greg Chalmers,56,52.85,213,403,2018
Tyler Duncan,97,52.76,268,508,2018
Brendan Steele,74,52.56,195,371,2018
Matt Every,79,52.51,251,478,2018
Sung Kang,89,52.40,295,563,2018
Tom Lovelady,87,52.08,250,480,2018
Zecheng Dou,53,51.56,165,320,2018
Satoshi Kodaira,51,51.02,175,343,2018
Andrew Yun,51,44.01,136,309,2018
Ian Poulter,72,67.36,293,435,2017
Matt Kuchar,95,65.78,348,529,2017
Zac Blair,105,65.50,412,629,2017
Webb Simpson,102,65.15,387,594,2017
Chad Campbell,97,64.63,349,540,2017
Paul Casey,94,64.52,300,465,2017
Gonzalo Fernandez-Castaño,63,64.30,245,381,2017
Brandt Snedeker,53,64.06,180,281,2017
Jon Rahm,90,63.74,290,455,2017
John Huh,92,63.65,345,542,2017
Steve Wheatcroft,51,63.64,210,330,2017
Adam Hadwin,98,63.47,377,594,2017
Seamus Power,86,63.43,314,495,2017
Pat Perez,93,63.38,341,538,2017
Chez Reavie,98,63.28,343,542,2017
Matt Jones,64,63.17,235,372,2017
Rory McIlroy,51,63.12,178,282,2017
Bill Haas,92,63.10,301,477,2017
Chad Collins,66,63.07,275,436,2017
Francesco Molinari,75,62.95,260,413,2017
Louis Oosthuizen,69,62.91,229,364,2017
Rickie Fowler,78,62.85,269,428,2017
Daniel Berger,91,62.80,314,500,2017
Tim Wilkinson,64,62.77,236,376,2017
Brian Harman,104,62.74,399,636,2017
Charles Howell III,86,62.63,305,487,2017
Dustin Johnson,77,62.63,233,372,2017
Kevin Kisner,105,62.50,355,568,2017
Camilo Villegas,76,62.35,308,494,2017
Brian Gay,82,62.30,319,512,2017
Whee Kim,74,62.07,288,464,2017
Kevin Na,86,62.06,301,485,2017
Andres Gonzales,73,61.85,248,401,2017
David Hearn,93,61.85,334,540,2017
Nick Taylor,97,61.83,358,579,2017
Jordan Spieth,85,61.75,247,400,2017
Wesley Bryan,95,61.50,385,626,2017
Peter Malnati,91,61.50,353,574,2017
Sergio Garcia,65,61.39,194,316,2017
Branden Grace,70,61.28,220,359,2017
Hideki Matsuyama,83,61.25,245,400,2017
Mark Anderson,54,61.18,197,322,2017
Spencer Levin,89,61.10,322,527,2017
Alex Cejka,85,61.08,284,465,2017
Jim Furyk,54,61.03,177,290,2017
Marc Leishman,94,60.99,308,505,2017
Martin Laird,83,60.94,298,489,2017
Patrick Reed,107,60.92,399,655,2017
Geoff Ogilvy,80,60.85,272,447,2017
Rafa Cabrera Bello,63,60.74,229,377,2017
Richy Werenski,81,60.60,263,434,2017
James Hahn,96,60.58,355,586,2017
Justin Thomas,86,60.54,267,441,2017
Vaughn Taylor,90,60.52,305,504,2017
Brendan Steele,89,60.51,285,471,2017
Charl Schwartzel,63,60.50,242,400,2017
K.J. Choi,72,60.36,265,439,2017
C.T. Pan,88,60.29,296,491,2017
Cameron Percy,71,60.23,212,352,2017
Retief Goosen,52,60.20,180,299,2017
Brandon Hagy,85,60.16,296,492,2017
Patrick Cantlay,52,60.15,160,266,2017
Roberto Castro,70,60.14,258,429,2017
Morgan Hoffmann,92,60.14,347,577,2017
Tom Hoge,54,60.14,169,281,2017
Lucas Glover,93,60.13,285,474,2017
Jamie Lovemark,98,60.11,339,564,2017
Ricky Barnes,100,60.10,363,604,2017
Zach Johnson,81,60.08,283,471,2017
Kevin Streelman,90,60.04,317,528,2017
Ryan Blaum,100,60.00,360,600,2017
Phil Mickelson,85,60.00,321,535,2017
Aaron Baddeley,61,59.90,230,384,2017
Luke Donald,50,59.88,197,329,2017
Harris English,84,59.79,281,470,2017
Steven Alker,69,59.75,236,395,2017
J.T. Poston,95,59.62,313,525,2017
Shawn Stefani,72,59.55,237,398,2017
Keegan Bradley,104,59.49,326,548,2017
Justin Rose,66,59.44,211,355,2017
Tony Finau,106,59.38,345,581,2017
Chris Stroud,67,59.33,213,359,2017
Adam Scott,58,59.28,198,334,2017
Greg Chalmers,75,59.26,304,513,2017
Brett Drewitt,57,59.23,199,336,2017
Bud Cauley,92,59.21,299,505,2017
Seung-Yul Noh,91,59.18,319,539,2017
Bryce Molder,74,59.14,301,509,2017
J.J. Spaun,92,59.14,301,509,2017
Scott Brown,95,59.08,345,584,2017
Jason Day,71,59.04,245,415,2017
Kevin Tway,96,59.03,330,559,2017
Ben Crane,86,59.02,288,488,2017
Nick Watney,75,58.99,246,417,2017
Tyrone Van Aswegen,105,58.94,346,587,2017
Robert Streb,98,58.91,347,589,2017
Cameron Tringale,89,58.83,313,532,2017
Michael Kim,94,58.81,327,556,2017
Billy Hurley III,80,58.78,308,524,2017
Michael Thompson,60,58.74,215,366,2017
Fabián Gómez,61,58.67,220,375,2017
Ollie Schniederjans,92,58.65,312,532,2017
Mackenzie Hughes,106,58.64,387,660,2017
Cameron Smith,86,58.64,319,544,2017
Julián Etulain,68,58.62,221,377,2017
Mark Hubbard,81,58.57,270,461,2017
Jonas Blixt,74,58.56,284,485,2017
Stewart Cink,93,58.53,295,504,2017
David Lingmerth,79,58.53,278,475,2017
Ben Martin,86,58.53,278,475,2017
Graeme McDowell,56,58.52,213,364,2017
Troy Merritt,82,58.51,275,470,2017
Sam Saunders,76,58.45,256,438,2017
Kyle Reifers,96,58.44,315,539,2017
Rory Sabbatini,71,58.38,223,382,2017
Kyle Stanley,104,58.35,311,533,2017
Ryan Armour,63,58.31,186,319,2017
Gary Woodland,94,58.21,273,469,2017
Jhonattan Vegas,95,58.15,314,540,2017
Hunter Mahan,73,58.06,263,453,2017
Brian Stuard,93,57.99,323,557,2017
Jimmy Walker,68,57.92,223,385,2017
Ryo Ishikawa,56,57.84,214,370,2017
Ryan Palmer,61,57.83,181,313,2017
Dominic Bozzelli,69,57.75,257,445,2017
Tag Ridings,67,57.73,209,362,2017
Jason Dufner,89,57.72,273,473,2017
Bryson DeChambeau,91,57.65,309,536,2017
Sean O'Hair,84,57.52,287,499,2017
Russell Knox,75,57.46,235,409,2017
Russell Henley,99,57.22,313,547,2017
Ryan Brehm,83,57.14,244,427,2017
Jason Bohn,75,57.11,269,471,2017
William McGirt,89,57.08,266,466,2017
Martin Flores,88,57.01,244,428,2017
Sung Kang,104,56.98,355,623,2017
Xander Schauffele,96,56.95,291,511,2017
Harold Varner III,101,56.94,328,576,2017
Sebastián Muñoz,51,56.92,185,325,2017
Jonathan Randolph,68,56.82,225,396,2017
Charley Hoffman,112,56.78,360,634,2017
Daniel Summerhays,100,56.76,340,599,2017
Ryan Moore,82,56.74,282,497,2017
Brian Campbell,55,56.68,191,337,2017
J.J. Henry,92,56.66,268,473,2017
Nicholas Lindheim,58,56.65,196,346,2017
Kevin Chappell,95,56.56,306,541,2017
Emiliano Grillo,90,56.55,285,504,2017
Graham DeLaet,82,56.51,243,430,2017
Ken Duke,77,56.47,262,464,2017
Brad Fritsch,56,56.42,189,335,2017
Luke List,102,56.33,307,545,2017
Boo Weekley,75,56.31,232,412,2017
Brooks Koepka,88,56.20,290,516,2017
Jim Herman,77,56.15,242,431,2017
J.B. Holmes,83,56.12,275,490,2017
Ernie Els,52,56.00,210,375,2017
Byeong Hun An,77,55.93,250,447,2017
Trey Mullinax,88,55.91,265,474,2017
Blayne Barber,77,55.80,231,414,2017
Johnson Wagner,71,55.73,209,375,2017
D.A. Points,68,55.67,226,406,2017
Bubba Watson,71,55.67,226,406,2017
Hudson Swafford,94,55.53,286,515,2017
Shane Lowry,52,55.51,146,263,2017
Scott Stallings,81,55.51,247,445,2017
Danny Lee,93,55.43,301,543,2017
Smylie Kaufman,76,55.18,245,444,2017
Si Woo Kim,80,55.13,290,526,2017
Anirban Lahiri,72,55.06,261,474,2017
Robert Garrigus,78,54.94,217,395,2017
Jason Kokrak,95,54.90,297,541,2017
Cody Gribble,79,54.74,283,517,2017
Chris Kirk,89,54.73,272,497,2017
Miguel Angel Carballo,63,54.72,197,360,2017
Billy Horschel,88,54.47,262,481,2017
Patton Kizzire,84,54.31,271,499,2017
Rick Lamb,54,54.03,161,298,2017
Carl Pettersson,63,53.91,241,447,2017
Derek Fathauer,81,53.78,270,502,2017
Grayson Murray,94,53.77,314,584,2017
Patrick Rodgers,76,53.63,244,455,2017
Kelly Kraft,75,53.50,252,471,2017
Rod Pampling,71,52.83,243,460,2017
Steven Bowditch,59,51.96,239,460,2017
Søren Kjeldsen,58,51.64,173,335,2017
Andrew Loupe,55,50.27,189,376,2017
Brett Stegmaier,78,50.11,228,455,2017
Scott Piercy,70,50.00,194,388,2017
Matt Every,76,48.01,241,502,2017
Steve Stricker,53,66.01,233,353,2016
Bryce Molder,80,65.38,355,543,2016
Alex Cejka,71,65.03,251,386,2016
Phil Mickelson,75,64.32,283,440,2016
Aaron Baddeley,93,64.30,380,591,2016
Luke Donald,81,64.15,331,516,2016
Jerry Kelly,76,64.04,292,456,2016
Patrick Reed,105,63.97,403,630,2016
Jordan Spieth,80,63.93,319,499,2016
Tim Wilkinson,72,63.66,275,432,2016
Jeff Overton,69,63.59,269,423,2016
Bill Haas,86,63.30,307,485,2016
Jon Curran,99,63.28,417,659,2016
Stuart Appleby,71,63.26,303,479,2016
Chez Reavie,90,62.75,310,494,2016
Zac Blair,99,62.73,404,644,2016
Chris Kirk,90,62.73,345,550,2016
Brandt Snedeker,93,62.73,345,550,2016
Scott Langley,65,62.35,255,409,2016
Si Woo Kim,113,62.32,430,690,2016
Chad Campbell,90,62.21,321,516,2016
Rickie Fowler,80,62.21,265,426,2016
Brian Stuard,66,62.16,271,436,2016
Zach Johnson,90,62.11,341,549,2016
John Huh,86,62.09,321,517,2016
Jason Day,76,61.92,252,407,2016
Colt Knost,90,61.90,333,538,2016
Russell Knox,92,61.86,300,485,2016
Andrew Landry,53,61.86,193,312,2016
Rod Pampling,54,61.73,200,324,2016
Ben Crane,80,61.65,307,498,2016
Billy Hurley III,66,61.63,273,443,2016
K.J. Choi,73,61.54,280,455,2016
Matt Kuchar,100,61.51,342,556,2016
Brendon Todd,66,61.46,319,519,2016
Paul Casey,77,61.44,239,389,2016
Jamie Lovemark,91,61.44,349,568,2016
Brian Harman,104,61.40,404,658,2016
Michael Kim,100,61.25,392,640,2016
David Hearn,95,61.14,332,543,2016
Russell Henley,76,61.06,265,434,2016
Jonas Blixt,79,61.05,326,534,2016
David Toms,62,61.04,235,385,2016
Charles Howell III,91,60.88,319,524,2016
Luke List,79,60.88,277,455,2016
Hideki Matsuyama,76,60.86,255,419,2016
Tyrone Van Aswegen,105,60.84,393,646,2016
William McGirt,98,60.76,350,576,2016
Shawn Stefani,91,60.57,318,525,2016
Luke Guthrie,57,60.55,221,365,2016
Chad Collins,73,60.53,299,494,2016
Derek Ernst,59,60.52,210,347,2016
Francesco Molinari,64,60.40,244,404,2016
Steve Wheatcroft,85,60.36,335,555,2016
Mark Wilson,66,60.36,236,391,2016
Marc Leishman,89,60.34,324,537,2016
Henrik Norlander,71,60.31,231,383,2016
Freddie Jacobson,86,60.29,328,544,2016
Retief Goosen,55,60.16,222,369,2016
Gary Woodland,95,60.16,308,512,2016
Ryan Moore,86,60.12,300,499,2016
Roberto Castro,97,60.11,324,539,2016
Harris English,97,60.10,369,614,2016
Padraig Harrington,54,60.00,216,360,2016
Mark Hubbard,101,59.97,382,637,2016
Ricky Barnes,97,59.86,343,573,2016
Dicky Pride,55,59.79,223,373,2016
Sung Kang,89,59.74,325,544,2016
Charl Schwartzel,73,59.64,235,394,2016
Dustin Johnson,87,59.58,283,475,2016
David Lingmerth,84,59.57,305,512,2016
Rob Oppenheim,67,59.56,246,413,2016
Camilo Villegas,83,59.55,321,539,2016
Adam Scott,79,59.50,238,400,2016
Webb Simpson,70,59.42,246,414,2016
Spencer Levin,104,59.41,360,606,2016
Hiroshi Iwata,85,59.34,359,605,2016
Nick Taylor,83,59.26,288,486,2016
Kevin Chappell,93,59.15,333,563,2016
John Senden,88,59.13,285,482,2016
Derek Fathauer,94,59.10,380,643,2016
Branden Grace,63,59.05,212,359,2016
Scott Brown,88,59.03,327,554,2016
Jhonattan Vegas,97,58.97,299,507,2016
Jim Herman,93,58.96,339,575,2016
Graeme McDowell,63,58.85,226,384,2016
Peter Malnati,85,58.79,341,580,2016
Rory McIlroy,69,58.70,199,339,2016
Kevin Na,96,58.53,326,557,2016
Martin Piller,59,58.47,214,366,2016
Tom Hoge,81,58.46,304,520,2016
Jason Kokrak,89,58.37,293,502,2016
Martin Laird,82,58.37,265,454,2016
Bronson Burgoon,83,58.33,280,480,2016
Boo Weekley,83,58.33,280,480,2016
Jason Gore,78,58.30,260,446,2016
Adam Hadwin,93,58.27,331,568,2016
Brett Stegmaier,87,58.27,296,508,2016
Morgan Hoffmann,71,58.24,258,443,2016
Willy Wilcox,67,58.18,249,428,2016
Patrick Rodgers,89,58.17,274,471,2016
Justin Rose,65,58.10,208,358,2016
Scott Stallings,74,58.08,248,427,2016
Whee Kim,82,58.00,279,481,2016
Tyler Aldridge,83,57.96,284,490,2016
Tony Finau,95,57.96,346,597,2016
Troy Merritt,77,57.93,296,511,2016
D.A. Points,55,57.86,184,318,2016
Johnson Wagner,86,57.81,274,474,2016
Sean O'Hair,89,57.79,304,526,2016
Charley Hoffman,91,57.75,324,561,2016
Jimmy Walker,85,57.71,307,532,2016
Sergio Garcia,54,57.66,158,274,2016
Ryan Palmer,86,57.63,287,498,2016
Blayne Barber,84,57.62,276,479,2016
Michael Thompson,71,57.49,238,414,2016
Scott Piercy,87,57.29,283,494,2016
Seung-Yul Noh,85,57.25,296,517,2016
Jim Furyk,52,57.24,170,297,2016
Will MacKenzie,84,57.23,277,484,2016
Daniel Summerhays,99,57.21,377,659,2016
Danny Lee,93,57.19,334,584,2016
Lucas Glover,75,57.18,219,383,2016
Cameron Tringale,81,57.14,272,476,2016
Steve Marino,72,56.97,237,416,2016
Chris Stroud,82,56.96,274,481,2016
Daniel Berger,92,56.95,295,518,2016
Erik Compton,65,56.93,267,469,2016
Kevin Kisner,97,56.88,335,589,2016
J.B. Holmes,77,56.68,263,464,2016
Abraham Ancer,51,56.67,187,330,2016
Fabián Gómez,82,56.59,292,516,2016
Sam Saunders,69,56.59,236,417,2016
Harold Varner III,92,56.53,316,559,2016
Vijay Singh,72,56.52,273,483,2016
Brendon de Jonge,83,56.49,283,501,2016
Rory Sabbatini,57,56.48,196,347,2016
Anirban Lahiri,72,56.40,260,461,2016
Jason Dufner,105,56.39,309,548,2016
Matt Jones,83,56.26,292,519,2016
Patton Kizzire,93,56.24,320,569,2016
Geoff Ogilvy,63,56.22,217,386,2016
Thomas Aiken,70,56.21,199,354,2016
Jason Bohn,67,56.16,228,406,2016
Kelly Kraft,63,56.07,194,346,2016
Wes Roach,59,56.04,204,364,2016
Kyle Reifers,115,55.95,362,647,2016
Andres Gonzales,80,55.79,265,475,2016
Robert Streb,87,55.77,285,511,2016
James Hahn,85,55.72,302,542,2016
Justin Thomas,99,55.56,330,594,2016
Brooks Koepka,75,55.53,231,416,2016
Cameron Smith,73,55.29,256,463,2016
Hunter Mahan,61,55.26,226,409,2016
Kyle Stanley,92,55.13,290,526,2016
Ángel Cabrera,62,55.10,227,412,2016
Emiliano Grillo,93,55.10,281,510,2016
Hudson Swafford,104,54.97,321,584,2016
Smylie Kaufman,91,54.87,293,534,2016
Rhein Gibson,58,54.84,170,310,2016
Ben Martin,92,54.84,289,527,2016
Brendan Steele,88,54.76,259,473,2016
Ernie Els,66,54.66,252,461,2016
Vaughn Taylor,72,54.66,252,461,2016
Keegan Bradley,82,54.57,245,449,2016
Billy Horschel,73,54.55,222,407,2016
Louis Oosthuizen,63,54.21,174,321,2016
Chesson Hadley,81,54.05,267,494,2016
Shane Lowry,57,53.91,186,345,2016
Stewart Cink,61,53.54,174,325,2016
George McNeill,51,53.50,176,329,2016
Robert Garrigus,69,53.48,192,359,2016
J.J. Henry,68,53.11,205,386,2016
Kevin Streelman,82,52.97,241,455,2016
Andrew Loupe,75,52.83,261,494,2016
Bubba Watson,72,52.74,202,383,2016
Ken Duke,58,52.53,208,396,2016
Scott Pinckney,87,52.53,249,474,2016
Graham DeLaet,70,52.39,197,376,2016
Dawie van der Walt,72,52.03,218,419,2016
Greg Owen,85,51.70,228,441,2016
Robert Allenby,51,50.75,169,333,2016
D.H. Lee,61,50.61,207,409,2016
Carlos Ortiz,79,50.00,240,480,2016
Steven Bowditch,71,49.14,286,582,2016
Chad Collins,79,66.18,319,482,2015
Jason Day,75,65.34,247,378,2015
Steven Bowditch,103,65.19,442,678,2015
Jordan Spieth,91,65.03,331,509,2015
Jonathan Byrd,69,64.92,248,382,2015
Zac Blair,108,64.81,418,645,2015
Jerry Kelly,79,64.46,312,484,2015
Sung Joon Park,79,64.42,315,489,2015
Webb Simpson,81,64.38,291,452,2015
Billy Hurley III,83,64.17,317,494,2015
William McGirt,103,64.09,382,596,2015
David Toms,62,63.96,236,369,2015
Matt Kuchar,97,63.78,361,566,2015
John Peterson,84,63.47,304,479,2015
Brandt Snedeker,98,63.27,379,599,2015
K.J. Choi,66,63.12,255,404,2015
Rory Sabbatini,81,63.11,296,469,2015
Jim Furyk,71,62.93,219,348,2015
Kevin Na,98,62.87,381,606,2015
Bryce Molder,91,62.85,340,541,2015
Kevin Kisner,104,62.66,396,632,2015
Brendon Todd,96,62.63,362,578,2015
John Huh,102,62.60,400,639,2015
Willy Wilcox,58,62.55,167,267,2015
Henrik Stenson,63,62.24,178,286,2015
Carl Pettersson,106,62.18,439,706,2015
Cameron Tringale,96,62.09,380,612,2015
Patrick Reed,103,61.99,393,634,2015
Ben Crane,62,61.98,238,384,2015
Hideki Matsuyama,95,61.92,309,499,2015
Bill Haas,89,61.90,299,483,2015
Bubba Watson,71,61.89,229,370,2015
Troy Merritt,91,61.83,371,600,2015
Justin Leonard,61,61.80,254,411,2015
Jon Curran,83,61.72,295,478,2015
Harris English,105,61.65,373,605,2015
Justin Thomas,106,61.55,365,593,2015
Mark Hubbard,79,61.52,283,460,2015
Steven Alker,62,61.50,222,361,2015
Kyle Reifers,96,61.36,335,546,2015
Louis Oosthuizen,68,61.30,217,354,2015
Matt Jones,89,61.27,337,550,2015
David Lingmerth,90,61.27,348,568,2015
George McNeill,93,61.21,344,562,2015
Sangmoon Bae,98,61.16,400,654,2015
Luke Donald,71,61.14,269,440,2015
Rickie Fowler,76,61.10,267,437,2015
Aaron Baddeley,76,61.00,305,500,2015
Zach Johnson,90,60.98,300,492,2015
Vijay Singh,78,60.97,289,474,2015
Jason Bohn,95,60.90,324,532,2015
Danny Lee,120,60.86,451,741,2015
Jonathan Randolph,72,60.80,273,449,2015
Ian Poulter,68,60.76,240,395,2015
Scott Brown,97,60.69,369,608,2015
Eric Axley,57,60.68,233,384,2015
Brian Davis,86,60.68,338,557,2015
Steve Wheatcroft,87,60.68,321,529,2015
Daniel Berger,97,60.66,330,544,2015
Ryan Palmer,80,60.57,275,454,2015
Erik Compton,86,60.53,345,570,2015
Alex Cejka,94,60.39,343,568,2015
Mark Wilson,89,60.37,297,492,2015
Chris Kirk,76,60.30,281,466,2015
Ryan Moore,81,60.25,294,488,2015
Brian Stuard,97,60.23,371,616,2015
Martin Laird,77,60.17,281,467,2015
Brendan Steele,88,60.08,286,476,2015
Ricky Barnes,82,60.00,333,555,2015
Pat Perez,96,60.00,333,555,2015
Russell Knox,96,59.92,302,504,2015
Chris Stroud,84,59.92,311,519,2015
Boo Weekley,79,59.91,275,459,2015
Greg Owen,58,59.81,192,321,2015
D.A. Points,72,59.78,269,450,2015
Spencer Levin,99,59.75,331,554,2015
Brian Harman,90,59.63,322,540,2015
Hunter Mahan,88,59.60,301,505,2015
Robert Streb,110,59.57,364,611,2015
Blayne Barber,76,59.51,266,447,2015
Jamie Donaldson,50,59.48,182,306,2015
Johnson Wagner,68,59.47,226,380,2015
Sean O'Hair,86,59.42,328,552,2015
Phil Mickelson,70,59.38,288,485,2015
Retief Goosen,81,59.35,311,524,2015
J.B. Holmes,89,59.35,330,556,2015
Kevin Chappell,86,59.32,312,526,2015
Chad Campbell,97,59.31,325,548,2015
Jhonattan Vegas,90,59.25,317,535,2015
Max Homa,78,59.23,292,493,2015
Brendon de Jonge,106,59.19,367,620,2015
Morgan Hoffmann,85,59.16,352,595,2015
Scott Langley,94,59.15,346,585,2015
Justin Rose,69,59.14,207,350,2015
Michael Putnam,87,59.08,270,457,2015
Camilo Villegas,83,59.06,326,552,2015
Colt Knost,90,58.93,297,504,2015
Jeff Overton,94,58.80,334,568,2015
Martin Flores,95,58.77,305,519,2015
Charley Hoffman,97,58.74,336,572,2015
Fabián Gómez,83,58.72,320,545,2015
Ken Duke,93,58.71,337,574,2015
Nick Watney,91,58.69,314,535,2015
Kevin Streelman,95,58.66,298,508,2015
Scott Piercy,90,58.63,316,539,2015
Tom Hoge,83,58.59,283,483,2015
Jonas Blixt,78,58.57,287,490,2015
James Hahn,94,58.46,335,573,2015
Sergio Garcia,59,58.41,191,327,2015
Adam Hadwin,95,58.39,327,560,2015
Francesco Molinari,56,58.33,161,276,2015
Tim Wilkinson,73,58.33,280,480,2015
Nick Taylor,91,58.32,340,583,2015
Jason Kokrak,88,58.30,302,518,2015
Keegan Bradley,87,58.25,286,491,2015
Tyrone Van Aswegen,58,58.20,188,323,2015
Stewart Cink,77,58.13,218,375,2015
Jim Herman,88,58.02,246,424,2015
Dustin Johnson,75,57.85,247,427,2015
Gonzalo Fernandez-Castaño,81,57.80,289,500,2015
Sam Saunders,83,57.79,293,507,2015
Daniel Summerhays,101,57.76,361,625,2015
Whee Kim,71,57.72,228,395,2015
Jimmy Walker,89,57.71,303,525,2015
Chesson Hadley,101,57.70,382,662,2015
Billy Horschel,99,57.61,299,519,2015
Luke Guthrie,84,57.57,308,535,2015
Bill Lunde,50,57.53,149,259,2015
Derek Fathauer,81,57.46,308,536,2015
Russell Henley,87,57.43,286,498,2015
David Hearn,97,57.42,321,559,2015
Greg Chalmers,58,57.39,202,352,2015
Graham DeLaet,65,57.34,207,361,2015
John Merrick,78,57.31,247,431,2015
Derek Ernst,75,57.24,245,428,2015
Davis Love III,51,57.19,171,299,2015
Padraig Harrington,60,57.01,240,421,2015
Heath Slocum,57,56.90,202,355,2015
Andrew Putnam,68,56.71,262,462,2015
Andres Romero,69,56.70,258,455,2015
Marc Leishman,74,56.67,242,427,2015
Gary Woodland,81,56.66,251,443,2015
Brooks Koepka,84,56.63,252,445,2015
Ernie Els,57,56.59,206,364,2015
Patrick Rodgers,57,56.47,179,317,2015
Shawn Stefani,94,56.44,298,528,2015
Oscar Fraustro,58,56.42,202,358,2015
Cameron Percy,72,56.16,228,406,2015
Tony Finau,106,56.15,347,618,2015
Paul Casey,87,56.13,229,408,2015
Charles Howell III,105,56.06,333,594,2015
Chez Reavie,56,55.88,171,306,2015
Matt Every,73,55.87,295,528,2015
Bo Van Pelt,81,55.84,263,471,2015
Scott Pinckney,88,55.75,286,513,2015
Brice Garnett,81,55.65,251,451,2015
Andres Gonzales,90,55.62,287,516,2015
Carlos Ortiz,100,55.50,318,573,2015
Ryo Ishikawa,90,55.45,295,532,2015
Hudson Swafford,97,55.39,298,538,2015
Michael Thompson,83,55.36,279,504,2015
Jason Dufner,76,55.28,225,407,2015
John Senden,80,55.20,244,442,2015
Lucas Glover,79,55.00,231,420,2015
Jim Renner,68,54.96,227,413,2015
Seung-Yul Noh,65,54.89,219,399,2015
Jason Gore,76,54.87,231,421,2015
Charl Schwartzel,67,54.66,217,397,2015
Roberto Castro,54,54.43,166,305,2015
J.J. Henry,94,54.30,265,488,2015
Scott Stallings,60,54.23,205,378,2015
Byron Smith,59,54.22,167,308,2015
Adam Scott,51,54.09,139,257,2015
Ben Martin,93,54.04,274,507,2015
Roger Sloan,56,53.62,185,345,2015
Robert Garrigus,70,53.04,227,428,2015
Alex Prugh,84,53.02,228,430,2015
Lee Westwood,56,52.23,164,314,2015
Nicholas Thompson,90,52.06,253,486,2015
Robert Allenby,63,51.69,183,354,2015
Geoff Ogilvy,50,51.56,149,289,2015
Andrew Svoboda,80,51.08,261,511,2015
Ángel Cabrera,53,50.45,169,335,2015
Charlie Beljan,76,48.77,218,447,2015
Jim Furyk,84,69.33,312,450,2014
Sergio Garcia,61,66.67,218,327,2014
Brian Gay,81,65.69,381,580,2014
Kevin Na,94,65.16,389,597,2014
Jason Day,54,64.95,202,311,2014
Justin Leonard,75,64.56,368,570,2014
Brendon Todd,108,63.57,445,700,2014
Russell Knox,92,63.40,336,530,2014
Chris Kirk,105,63.30,433,684,2014
Tim Wilkinson,86,63.19,357,565,2014
"Ted Potter, Jr.",68,62.76,268,427,2014
Matt Kuchar,91,62.40,327,524,2014
Jordan Spieth,102,62.39,413,662,2014
Keegan Bradley,89,62.31,329,528,2014
Charlie Wi,72,62.27,307,493,2014
Jerry Kelly,80,62.10,308,496,2014
Rickie Fowler,91,62.06,337,543,2014
Chris Stroud,88,61.89,341,551,2014
Ricky Barnes,92,61.80,343,555,2014
Phil Mickelson,71,61.71,274,444,2014
Scott Langley,95,61.67,370,600,2014
Charl Schwartzel,64,61.67,251,407,2014
David Toms,64,61.60,215,349,2014
Heath Slocum,71,61.58,250,406,2014
Brian Davis,93,61.55,397,645,2014
Ernie Els,85,61.36,335,546,2014
Billy Hurley III,86,61.36,324,528,2014
Freddie Jacobson,91,61.34,376,613,2014
Luke Guthrie,85,61.29,342,558,2014
Charles Howell III,106,61.26,378,617,2014
Justin Rose,70,61.23,248,405,2014
Richard Lee,80,61.21,344,562,2014
Retief Goosen,94,61.12,360,589,2014
Stuart Appleby,92,61.00,366,600,2014
David Hearn,97,60.99,358,587,2014
Zach Johnson,97,60.75,342,563,2014
Adam Scott,68,60.73,232,382,2014
Luke Donald,57,60.59,226,373,2014
Graeme McDowell,66,60.47,231,382,2014
Jeff Overton,80,60.47,283,468,2014
Hideki Matsuyama,82,60.42,313,518,2014
Brian Stuard,91,60.42,342,566,2014
Bill Haas,107,60.37,358,593,2014
Bryce Molder,77,60.34,286,474,2014
Seung-Yul Noh,92,60.33,330,547,2014
Pat Perez,84,60.30,325,539,2014
Aaron Baddeley,74,60.27,314,521,2014
Bronson La'Cassie,51,60.24,197,327,2014
John Senden,99,60.21,345,573,2014
Gary Woodland,93,60.11,333,554,2014
Chad Campbell,57,60.08,158,263,2014
Robert Allenby,83,59.96,283,472,2014
Andres Romero,81,59.96,328,547,2014
Brad Fritsch,50,59.93,181,302,2014
Spencer Levin,59,59.89,227,379,2014
Mike Weir,69,59.84,298,498,2014
Bud Cauley,56,59.76,196,328,2014
Dustin Johnson,58,59.76,196,328,2014
Jason Kokrak,65,59.75,242,405,2014
Chad Collins,78,59.66,318,533,2014
Brian Harman,111,59.66,426,714,2014
Brice Garnett,92,59.60,329,552,2014
Sean O'Hair,77,59.57,302,507,2014
Charley Hoffman,93,59.53,328,551,2014
Greg Chalmers,85,59.49,348,585,2014
Brandt Snedeker,89,59.48,342,575,2014
Brendan Steele,89,59.45,305,513,2014
Shawn Stefani,60,59.45,217,365,2014
Patrick Reed,92,59.42,350,589,2014
Tim Clark,75,59.34,286,482,2014
Cameron Tringale,111,59.34,394,664,2014
Jhonattan Vegas,77,59.23,247,417,2014
Vijay Singh,83,59.19,306,517,2014
Bubba Watson,76,59.14,249,421,2014
Ben Crane,81,59.10,315,533,2014
Ben Martin,80,59.10,289,489,2014
Webb Simpson,87,59.05,310,525,2014
Andrew Svoboda,77,59.05,261,442,2014
William McGirt,96,59.02,363,615,2014
Robert Streb,75,59.00,259,439,2014
Willy Wilcox,51,58.90,172,292,2014
Matt Every,85,58.82,330,561,2014
Erik Compton,88,58.80,344,585,2014
Jonas Blixt,64,58.76,255,434,2014
Graham DeLaet,80,58.75,245,417,2014
Scott Brown,100,58.73,370,630,2014
D.H. Lee,54,58.73,212,361,2014
Rory McIlroy,66,58.52,206,352,2014
J.B. Holmes,86,58.51,354,605,2014
Michael Thompson,74,58.42,267,457,2014
Jimmy Walker,98,58.39,327,560,2014
Johnson Wagner,69,58.33,245,420,2014
Jeff Maggert,54,58.26,194,333,2014
Tyrone Van Aswegen,79,58.25,293,503,2014
Ryan Palmer,85,58.24,297,510,2014
Daniel Summerhays,98,58.22,340,584,2014
George McNeill,79,58.21,280,481,2014
Ian Poulter,57,58.05,220,379,2014
Jonathan Byrd,76,58.02,264,455,2014
Gonzalo Fernandez-Castaño,83,57.79,334,578,2014
Bo Van Pelt,83,57.78,271,469,2014
Josh Teater,90,57.69,319,553,2014
Ryan Moore,86,57.64,279,484,2014
Wes Roach,67,57.64,234,406,2014
Danny Lee,84,57.62,295,512,2014
Morgan Hoffmann,103,57.53,382,664,2014
John Huh,87,57.52,306,532,2014
Brooks Koepka,56,57.51,203,353,2014
Ken Duke,80,57.48,265,461,2014
Harris English,95,57.44,301,524,2014
Martin Flores,85,57.42,294,512,2014
Sangmoon Bae,76,57.40,291,507,2014
Carl Pettersson,91,57.33,313,546,2014
Kevin Chappell,100,57.32,321,560,2014
Marc Leishman,81,57.29,287,501,2014
Robert Garrigus,80,57.17,287,502,2014
Brendon de Jonge,109,57.10,398,697,2014
Briny Baird,50,56.84,187,329,2014
K.J. Choi,80,56.78,310,546,2014
Steven Bowditch,93,56.77,348,613,2014
J.J. Henry,91,56.72,270,476,2014
Kevin Kisner,85,56.69,301,531,2014
Michael Putnam,106,56.69,343,605,2014
Y.E. Yang,79,56.69,305,538,2014
Camilo Villegas,95,56.64,320,565,2014
Ben Curtis,77,56.62,278,491,2014
Lee Westwood,57,56.28,206,366,2014
Paul Casey,56,56.23,194,345,2014
Jamie Lovemark,64,56.20,213,379,2014
Troy Merritt,62,56.15,219,390,2014
Jason Bohn,81,56.03,288,514,2014
Nick Watney,80,56.01,247,441,2014
Matt Jones,83,55.92,307,549,2014
Will MacKenzie,82,55.91,284,508,2014
John Peterson,62,55.91,208,372,2014
Roberto Castro,76,55.79,294,527,2014
Geoff Ogilvy,84,55.77,285,511,2014
Mark Wilson,69,55.58,239,430,2014
Andrew Loupe,65,55.56,225,405,2014
Davis Love III,74,55.43,255,460,2014
James Driscoll,71,55.40,277,500,2014
Stewart Cink,91,55.35,305,551,2014
Rory Sabbatini,82,55.35,269,486,2014
Billy Horschel,92,55.32,265,479,2014
James Hahn,82,55.11,286,519,2014
Woody Austin,63,54.81,228,416,2014
Justin Hicks,103,54.81,279,509,2014
Hunter Mahan,88,54.71,279,510,2014
Jim Herman,62,54.70,192,351,2014
Trevor Immelman,84,54.60,273,500,2014
David Lingmerth,80,54.58,274,502,2014
Ryo Ishikawa,75,54.55,258,473,2014
Chesson Hadley,84,54.20,303,559,2014
Scott Stallings,77,54.17,273,504,2014
Kevin Streelman,79,54.07,279,516,2014
D.A. Points,75,53.88,264,490,2014
Martin Laird,66,53.72,202,376,2014
Martin Kaymer,65,53.43,218,408,2014
Kevin Stadler,90,53.41,266,498,2014
Boo Weekley,73,53.14,220,414,2014
Ángel Cabrera,69,53.10,231,435,2014
Charlie Beljan,76,52.99,239,451,2014
Kevin Tway,64,52.99,204,385,2014
Nicholas Thompson,85,52.88,257,486,2014
John Rollins,84,52.77,267,506,2014
Jason Dufner,57,52.74,173,328,2014
Kyle Stanley,87,52.73,261,495,2014
Troy Matteson,62,52.64,209,397,2014
Hudson Swafford,75,52.63,210,399,2014
Russell Henley,92,52.37,331,632,2014
Henrik Stenson,56,51.83,156,301,2014
Louis Oosthuizen,50,51.80,144,278,2014
Derek Ernst,80,51.30,256,499,2014
Tommy Gainey,73,50.56,226,447,2014
John Merrick,87,50.31,240,477,2014
Lucas Glover,68,49.74,195,392,2014
Jim Renner,61,47.98,190,396,2014
Bob Estes,66,66.19,276,417,2013
Steve Stricker,51,65.57,160,244,2013
Chris Kirk,89,65.38,357,546,2013
Stuart Appleby,88,65.21,343,526,2013
Charles Howell III,87,64.83,330,509,2013
Chris Stroud,88,64.60,365,565,2013
Lee Williams,62,64.25,266,414,2013
Matt Jones,83,63.98,325,508,2013
Ben Crane,62,63.83,240,376,2013
Brian Gay,79,63.80,393,616,2013
Richard Lee,81,63.58,295,464,2013
Matt Kuchar,93,63.55,340,535,2013
K.J. Choi,85,62.98,325,516,2013
Jerry Kelly,75,62.96,294,467,2013
Martin Flores,83,62.91,324,515,2013
Brendon de Jonge,110,62.56,386,617,2013
Steven Bowditch,67,62.47,278,445,2013
Bill Haas,85,62.01,302,487,2013
Bryce Molder,82,61.76,323,523,2013
Cameron Tringale,80,61.68,293,475,2013
Lee Westwood,70,61.57,266,432,2013
Luke Donald,60,61.52,243,395,2013
Erik Compton,74,61.51,286,465,2013
Jonas Blixt,76,61.50,329,535,2013
Ian Poulter,59,61.49,214,348,2013
Roberto Castro,97,61.47,351,571,2013
Jason Day,86,61.39,310,505,2013
Mark Wilson,56,61.39,194,316,2013
Darron Stiles,51,61.26,204,333,2013
Graeme McDowell,53,61.09,201,329,2013
Jordan Spieth,82,61.07,298,488,2013
Keegan Bradley,88,60.88,319,524,2013
Brandt Snedeker,79,60.86,297,488,2013
"Ted Potter, Jr.",65,60.77,237,390,2013
Justin Rose,62,60.71,204,336,2013
Jimmy Walker,84,60.62,311,513,2013
Casey Wittenberg,72,60.59,289,477,2013
David Lynn,70,60.52,282,466,2013
William McGirt,75,60.47,283,468,2013
Cameron Percy,68,60.44,246,407,2013
Patrick Reed,83,60.44,327,541,2013
Jeff Maggert,63,60.42,229,379,2013
Brian Stuard,78,60.31,275,456,2013
Tom Gillis,69,60.22,277,460,2013
Tim Clark,64,60.19,251,417,2013
Tiger Woods,61,60.00,210,350,2013
Charlie Wi,75,59.92,302,504,2013
Chez Reavie,72,59.86,258,431,2013
Fabián Gómez,65,59.76,251,420,2013
George McNeill,68,59.76,254,425,2013
Graham DeLaet,94,59.72,298,499,2013
David Toms,49,59.72,172,288,2013
James Driscoll,76,59.70,280,469,2013
Freddie Jacobson,63,59.66,247,414,2013
Zach Johnson,84,59.66,284,476,2013
Rickie Fowler,75,59.59,289,485,2013
Jim Furyk,80,59.55,265,445,2013
Aaron Watkins,46,59.53,178,299,2013
Scott Langley,79,59.47,289,486,2013
Dicky Pride,71,59.44,255,429,2013
Kevin Streelman,86,59.42,309,520,2013
John Huh,88,59.36,314,529,2013
Greg Chalmers,77,59.33,299,504,2013
Troy Matteson,68,59.33,248,418,2013
Jin Park,52,59.27,195,329,2013
Jeff Overton,78,59.23,292,493,2013
Stephen Ames,49,59.18,203,343,2013
Trevor Immelman,73,59.13,246,416,2013
Daniel Summerhays,83,59.13,314,531,2013
Jason Dufner,78,59.11,266,450,2013
Mike Weir,60,59.11,266,450,2013
Justin Leonard,86,59.02,337,571,2013
Brian Davis,91,58.87,365,620,2013
Hunter Mahan,91,58.87,292,496,2013
Luke Guthrie,82,58.85,316,537,2013
Chad Campbell,78,58.76,265,451,2013
Brian Harman,89,58.74,336,572,2013
Phil Mickelson,78,58.55,274,468,2013
Shawn Stefani,63,58.50,241,412,2013
David Lingmerth,68,58.44,263,450,2013
Kevin Chappell,80,58.40,285,488,2013
Peter Hanson,45,58.33,175,300,2013
Jason Kokrak,78,58.30,281,482,2013
Ernie Els,63,58.08,248,427,2013
Morgan Hoffmann,64,57.99,236,407,2013
Webb Simpson,92,57.95,306,528,2013
Robert Streb,75,57.95,255,440,2013
Andres Romero,63,57.91,238,411,2013
D.H. Lee,65,57.79,230,398,2013
David Hearn,88,57.78,323,559,2013
Rory Sabbatini,86,57.77,275,476,2013
Aaron Baddeley,68,57.72,288,499,2013
John Rollins,77,57.71,247,428,2013
Michael Thompson,66,57.71,262,454,2013
Ryan Moore,72,57.68,263,456,2013
Marc Leishman,77,57.64,279,484,2013
Steve LeBrun,66,57.58,209,363,2013
Tag Ridings,69,57.50,230,400,2013
Sergio Garcia,65,57.45,212,369,2013
Robert Karlsson,56,57.39,198,345,2013
Alistair Presnell,59,57.36,222,387,2013
Henrik Stenson,65,57.28,185,323,2013
Vijay Singh,61,57.23,194,339,2013
Russell Henley,80,57.17,287,502,2013
Brendan Steele,86,57.17,287,502,2013
Justin Bolli,59,57.14,220,385,2013
Vaughn Taylor,50,56.95,172,302,2013
Ken Duke,87,56.92,329,578,2013
Nicholas Thompson,99,56.89,326,573,2013
Y.E. Yang,56,56.65,213,376,2013
Pat Perez,69,56.64,226,399,2013
J.J. Henry,83,56.53,264,467,2013
Matt Every,89,56.52,312,552,2013
Padraig Harrington,52,56.52,195,345,2013
John Merrick,79,56.51,269,476,2013
Colt Knost,69,56.47,253,448,2013
Tim Herron,45,56.44,184,326,2013
D.J. Trahan,48,56.39,150,266,2013
Adam Scott,61,56.38,190,337,2013
Johnson Wagner,64,56.36,217,385,2013
Nick Watney,88,56.35,275,488,2013
Martin Laird,68,56.18,250,445,2013
Doug LaBelle II,72,56.12,252,449,2013
Camilo Villegas,79,56.12,252,449,2013
Harris English,95,56.11,326,581,2013
Ben Kohles,75,56.08,249,444,2013
Rod Pampling,46,55.97,150,268,2013
James Hahn,78,55.96,263,470,2013
D.A. Points,87,55.92,326,583,2013
Scott Brown,65,55.71,234,420,2013
Billy Horschel,96,55.69,313,562,2013
Geoff Ogilvy,57,55.67,216,388,2013
Ryan Palmer,79,55.63,267,480,2013
Ángel Cabrera,73,55.43,255,460,2013
Boo Weekley,100,55.35,305,551,2013
Brad Fritsch,81,55.29,256,463,2013
Bobby Gates,49,55.15,166,301,2013
Henrik Norlander,70,55.14,220,399,2013
Scott Stallings,79,55.07,277,503,2013
Charl Schwartzel,69,55.02,230,418,2013
Ben Curtis,59,54.99,204,371,2013
Greg Owen,73,54.79,240,438,2013
Kevin Stadler,83,54.75,242,442,2013
Jason Bohn,70,54.69,245,448,2013
Rory McIlroy,56,54.68,187,342,2013
Brandt Jobe,62,54.65,194,355,2013
Carl Pettersson,82,54.60,297,544,2013
Gary Woodland,94,54.58,292,535,2013
Jim Herman,59,54.57,173,317,2013
Bubba Watson,76,54.48,219,402,2013
Luke List,65,54.00,223,413,2013
Tommy Gainey,84,53.99,318,589,2013
John Senden,79,53.97,258,478,2013
Charley Hoffman,84,53.83,281,522,2013
Kyle Stanley,71,53.72,224,417,2013
Will Claxton,67,53.47,208,389,2013
Josh Teater,86,53.44,264,494,2013
Seung-Yul Noh,71,53.36,230,431,2013
Bo Van Pelt,72,53.35,231,433,2013
Ryo Ishikawa,72,53.27,228,428,2013
Scott Piercy,78,53.24,271,509,2013
Ricky Barnes,74,53.23,198,372,2013
Dustin Johnson,71,53.22,223,419,2013
Stewart Cink,71,53.16,219,412,2013
Bud Cauley,67,53.04,218,411,2013
Michael Bradley,56,53.00,168,317,2013
Andrew Svoboda,46,52.96,143,270,2013
Robert Allenby,58,52.77,200,379,2013
Sean O'Hair,56,52.74,202,383,2013
Charlie Beljan,62,52.66,208,395,2013
Martin Kaymer,61,52.59,193,367,2013
David Mathis,71,52.39,230,439,2013
Scott Gardiner,61,51.97,198,381,2013
Lucas Glover,65,51.91,204,393,2013
Justin Hicks,79,51.89,220,424,2013
Sangmoon Bae,83,51.85,281,542,2013
Eric Meierdierks,48,50.54,140,277,2013
Nicolas Colsaerts,50,49.82,140,281,2013
Derek Ernst,58,49.34,186,377,2013
Robert Garrigus,69,48.74,193,396,2013
Brian Gay,91,64.38,376,584,2012
Ian Poulter,57,64.34,249,387,2012
Jim Furyk,85,63.83,307,481,2012
Tiger Woods,69,63.17,247,391,2012
Luke Donald,63,62.66,245,391,2012
Geoff Ogilvy,73,62.63,295,471,2012
Matt Kuchar,86,62.43,319,511,2012
Bud Cauley,99,62.42,372,596,2012
Jason Dufner,83,62.42,284,455,2012
Brandt Snedeker,81,62.08,316,509,2012
Greg Chalmers,88,62.00,390,629,2012
Justin Rose,69,61.98,225,363,2012
David Toms,60,61.86,219,354,2012
Pat Perez,81,61.77,307,497,2012
Billy Mayfair,90,61.76,344,557,2012
Jonas Blixt,72,61.57,282,458,2012
Phil Mickelson,79,61.57,314,510,2012
Chris Stroud,86,61.55,349,567,2012
Jason Day,57,61.36,235,383,2012
Bryce Molder,83,61.32,306,499,2012
Kevin Na,80,61.30,331,540,2012
Rocco Mediate,70,61.23,248,405,2012
David Hearn,95,61.11,352,576,2012
Ernie Els,80,61.06,287,470,2012
Bob Estes,78,60.98,322,528,2012
Ken Duke,104,60.91,388,637,2012
Bill Haas,79,60.74,297,489,2012
J.J. Killeen,101,60.45,402,665,2012
Stuart Appleby,75,60.44,272,450,2012
Zach Johnson,95,60.37,358,593,2012
Carl Pettersson,92,60.37,361,598,2012
Dustin Johnson,70,60.29,249,413,2012
Rory McIlroy,60,60.24,197,327,2012
Steve Stricker,73,60.15,240,399,2012
Scott Piercy,95,59.90,351,586,2012
Billy Horschel,63,59.87,185,309,2012
Aaron Baddeley,73,59.85,325,543,2012
Gavin Coles,72,59.76,254,425,2012
Padraig Harrington,67,59.67,256,429,2012
Kevin Kisner,69,59.47,245,412,2012
Jerry Kelly,84,59.39,294,495,2012
Jeff Overton,101,59.35,349,588,2012
Vijay Singh,99,59.30,357,602,2012
Justin Leonard,79,59.18,316,534,2012
Charlie Wi,86,59.13,369,624,2012
Troy Kelly,68,59.12,243,411,2012
Martin Flores,95,59.04,356,603,2012
Henrik Stenson,51,59.04,173,293,2012
Brian Harman,101,58.99,387,656,2012
Charl Schwartzel,56,58.95,214,363,2012
Brian Davis,91,58.92,337,572,2012
Cameron Tringale,88,58.79,311,529,2012
John Mallinger,74,58.77,248,422,2012
Bill Lunde,83,58.68,257,438,2012
Rory Sabbatini,84,58.67,335,571,2012
Jonathan Byrd,69,58.65,261,445,2012
Webb Simpson,77,58.65,261,445,2012
Kevin Stadler,85,58.61,262,447,2012
Brendon de Jonge,115,58.60,361,616,2012
William McGirt,96,58.60,327,558,2012
Matt Jones,53,58.52,182,311,2012
Roberto Castro,92,58.49,286,489,2012
Nick O'Hern,78,58.49,286,489,2012
Jeff Maggert,83,58.48,300,513,2012
Scott Dunlap,57,58.47,176,301,2012
Ben Curtis,62,58.46,190,325,2012
Matt Every,80,58.44,270,462,2012
Tom Gillis,75,58.40,285,488,2012
Sergio Garcia,57,58.36,206,353,2012
Heath Slocum,93,58.33,287,492,2012
Chris Kirk,93,58.32,312,535,2012
Chris Couch,61,58.29,225,386,2012
Ryan Palmer,81,58.27,296,508,2012
Ryuji Imada,78,58.26,314,539,2012
Marc Leishman,84,58.26,328,563,2012
Russell Knox,72,58.24,212,364,2012
Kevin Streelman,89,58.22,308,529,2012
Jimmy Walker,101,58.09,377,649,2012
Tim Clark,60,58.03,224,386,2012
Seung-Yul Noh,105,58.00,330,569,2012
John Rollins,81,58.00,272,469,2012
Spencer Levin,81,57.84,321,555,2012
Kevin Chappell,91,57.83,325,562,2012
Mark Wilson,84,57.82,292,505,2012
David Mathis,83,57.78,312,540,2012
Graham DeLaet,79,57.68,259,449,2012
Y.E. Yang,64,57.67,267,463,2012
Nathan Green,73,57.62,223,387,2012
J.J. Henry,93,57.61,280,486,2012
Billy Hurley III,70,57.57,289,502,2012
Keegan Bradley,90,57.55,305,530,2012
Freddie Jacobson,61,57.52,237,412,2012
Dicky Pride,62,57.39,198,345,2012
John Senden,81,57.37,253,441,2012
Derek Lamely,64,57.34,254,443,2012
George McNeill,85,57.33,309,539,2012
Ben Crane,73,57.24,261,456,2012
Rod Pampling,88,57.23,289,505,2012
Tim Herron,88,57.06,295,517,2012
Kyle Reifers,86,56.96,274,481,2012
Steve Wheatcroft,56,56.91,173,304,2012
Will Claxton,99,56.90,301,529,2012
Chris DiMarco,83,56.86,319,561,2012
Johnson Wagner,88,56.85,307,540,2012
Mathew Goggin,65,56.82,204,359,2012
Rickie Fowler,84,56.79,297,523,2012
Ryan Moore,89,56.77,306,539,2012
Danny Lee,74,56.66,234,413,2012
Trevor Immelman,76,56.60,283,500,2012
Bubba Watson,68,56.58,202,357,2012
Chez Reavie,83,56.52,286,506,2012
Stephen Ames,54,56.50,200,354,2012
D.A. Points,88,56.50,300,531,2012
Troy Matteson,100,56.49,344,609,2012
Jason Kokrak,79,56.43,259,459,2012
Vaughn Taylor,81,56.26,256,455,2012
Tom Pernice Jr.,62,56.25,225,400,2012
Charles Howell III,98,56.20,331,589,2012
Jason Bohn,81,56.07,268,478,2012
Josh Teater,97,56.07,305,544,2012
Sean O'Hair,84,56.04,269,480,2012
Daniel Summerhays,81,56.03,251,448,2012
Blake Adams,107,56.01,354,632,2012
Andres Romero,68,55.98,234,418,2012
J.B. Holmes,90,55.92,293,524,2012
Martin Laird,77,55.92,255,456,2012
Bobby Gates,87,55.90,289,517,2012
Adam Scott,59,55.87,195,349,2012
Brendon Todd,78,55.75,281,504,2012
Bo Van Pelt,84,55.69,274,492,2012
Patrick Sheehan,58,55.62,193,347,2012
"Ted Potter, Jr.",77,55.60,268,482,2012
Robert Garrigus,89,55.58,274,493,2012
John Huh,99,55.52,332,598,2012
Brendan Steele,77,55.48,253,456,2012
Michael Thompson,80,55.39,293,529,2012
Arjun Atwal,79,55.37,263,475,2012
Louis Oosthuizen,65,55.37,196,354,2012
Gary Christian,91,55.25,279,505,2012
Colt Knost,79,55.24,290,525,2012
Nick Watney,97,55.11,313,568,2012
Hunter Haas,69,55.02,230,418,2012
Richard Lee,71,54.99,204,371,2012
Sung Kang,75,54.98,287,522,2012
Chad Campbell,84,54.93,273,497,2012
John Merrick,83,54.90,241,439,2012
Davis Love III,64,54.84,221,403,2012
Ricky Barnes,92,54.74,283,517,2012
Kris Blanks,65,54.71,209,382,2012
K.J. Choi,71,54.68,251,459,2012
Camilo Villegas,79,54.50,230,422,2012
Ryo Ishikawa,54,54.44,190,349,2012
James Driscoll,83,54.39,291,535,2012
Greg Owen,90,54.03,275,509,2012
Harrison Frazar,56,53.85,203,377,2012
Michael Bradley,63,53.80,198,368,2012
Brandt Jobe,57,53.71,181,337,2012
Hunter Mahan,88,53.71,246,458,2012
Harris English,98,53.60,305,569,2012
Alexandre Rocha,62,53.59,179,334,2012
Erik Compton,81,53.55,264,493,2012
Tommy Gainey,98,53.53,356,665,2012
Mark Anderson,75,53.45,240,449,2012
D.J. Trahan,73,53.43,226,423,2012
Daniel Chopra,55,53.39,197,369,2012
Stephen Gangluff,57,53.33,200,375,2012
Charlie Beljan,61,53.13,170,320,2012
Boo Weekley,74,53.04,192,362,2012
Stewart Cink,71,52.90,228,431,2012
Cameron Beckman,81,52.81,254,481,2012
Gary Woodland,70,52.80,236,447,2012
Robert Karlsson,54,52.62,181,344,2012
Kyle Stanley,86,52.61,262,498,2012
John Daly,50,52.55,165,314,2012
Scott Stallings,78,52.33,247,472,2012
Marco Dawson,60,52.21,189,362,2012
Graeme McDowell,55,51.83,170,328,2012
Miguel Angel Carballo,73,51.70,213,412,2012
Matt Bettencourt,80,51.69,275,532,2012
Garth Mulroy,59,51.68,185,358,2012
Charley Hoffman,88,51.41,274,533,2012
Sangmoon Bae,81,50.99,284,557,2012
Robert Allenby,76,50.85,238,468,2012
Tommy Biershenk,74,50.31,247,491,2012
Scott Brown,65,50.13,189,377,2012
Roland Thatcher,55,50.00,142,284,2012
Jhonattan Vegas,77,49.78,228,458,2012
Ángel Cabrera,54,49.09,162,330,2012
Kyle Thompson,51,48.99,146,298,2012
Edward Loar,59,48.34,175,362,2012
Lee Westwood,60,48.30,142,294,2012
Greg Chalmers,88,65.17,391,600,2011
Steve Stricker,70,64.93,274,422,2011
Jason Day,76,64.64,298,461,2011
Zach Johnson,79,63.98,302,472,2011
Woody Austin,59,63.92,202,316,2011
Charles Howell III,108,63.92,372,582,2011
Brian Gay,90,63.78,361,566,2011
Luke Donald,73,63.71,251,394,2011
Kevin Na,84,63.50,374,589,2011
Rod Pampling,72,63.10,248,393,2011
Mark Wilson,89,62.97,335,532,2011
Nick Watney,80,62.96,289,459,2011
Matt Kuchar,94,62.91,329,523,2011
Jerry Kelly,85,62.55,304,486,2011
Bryce Molder,82,62.50,315,504,2011
Webb Simpson,98,62.22,331,532,2011
Phil Mickelson,79,62.01,284,458,2011
Justin Leonard,82,61.97,321,518,2011
Dean Wilson,62,61.63,257,417,2011
Chris Riley,76,61.62,281,456,2011
Ben Curtis,66,61.58,250,406,2011
Brandt Snedeker,85,61.45,330,537,2011
Ben Crane,76,61.31,271,442,2011
Y.E. Yang,63,61.31,244,398,2011
David Toms,78,61.21,243,397,2011
Nathan Green,81,60.92,318,522,2011
K.J. Choi,77,60.87,280,460,2011
Chris Couch,73,60.87,280,460,2011
Billy Mayfair,94,60.87,308,506,2011
Michael Connell,76,60.81,301,495,2011
David Mathis,83,60.81,301,495,2011
Michael Thompson,79,60.75,277,456,2011
Blake Adams,116,60.63,422,696,2011
Freddie Jacobson,92,60.62,334,551,2011
Stephen Ames,69,60.59,246,406,2011
Scott McCarron,65,60.56,261,431,2011
Kevin Streelman,90,60.50,337,557,2011
Tim Petrovic,88,60.49,346,572,2011
Chris DiMarco,93,60.47,338,559,2011
Robert Karlsson,61,60.41,235,389,2011
Spencer Levin,113,60.35,379,628,2011
Brendon de Jonge,105,60.33,368,610,2011
Steve Elkington,50,60.26,182,302,2011
Sergio Garcia,61,60.16,219,364,2011
Ryan Moore,79,60.08,301,501,2011
Briny Baird,60,60.00,180,300,2011
Ryan Palmer,82,59.96,313,522,2011
Hunter Haas,96,59.93,335,559,2011
Padraig Harrington,60,59.84,228,381,2011
Charl Schwartzel,58,59.77,205,343,2011
William McGirt,103,59.75,334,559,2011
Geoff Ogilvy,69,59.68,265,444,2011
David Hearn,88,59.47,267,449,2011
Jimmy Walker,79,59.45,305,513,2011
Aaron Baddeley,77,59.44,277,466,2011
Paul Stankowski,78,59.42,268,451,2011
Shane Bertsch,62,59.33,213,359,2011
Nick O'Hern,89,59.22,302,510,2011
Joe Durant,71,59.10,211,357,2011
Tim Herron,85,59.08,296,501,2011
Martin Laird,77,59.08,270,457,2011
Brian Davis,105,59.00,364,617,2011
Adam Scott,60,59.00,200,339,2011
Charlie Wi,83,58.93,320,543,2011
Ryuji Imada,83,58.80,314,534,2011
Robert Allenby,84,58.76,285,485,2011
Brandt Jobe,100,58.72,313,533,2011
Bo Van Pelt,92,58.69,304,518,2011
Shaun Micheel,77,58.64,285,486,2011
Jason Dufner,78,58.62,272,464,2011
Marc Leishman,87,58.53,326,557,2011
Kevin Chappell,78,58.46,266,455,2011
Carl Pettersson,95,58.46,335,573,2011
Vaughn Taylor,89,58.46,318,544,2011
Anthony Kim,72,58.45,287,491,2011
Jim Furyk,87,58.37,293,502,2011
D.A. Points,89,58.36,328,562,2011
Pat Perez,76,58.35,276,473,2011
Bill Haas,93,58.30,295,506,2011
J.P. Hayes,56,58.29,218,374,2011
Retief Goosen,50,58.28,183,314,2011
D.J. Trahan,91,58.27,296,508,2011
Jason Bohn,74,58.25,240,412,2011
Rory Sabbatini,85,58.23,290,498,2011
Jim Renner,65,58.22,209,359,2011
Gary Woodland,93,58.20,298,512,2011
Michael Putnam,67,58.17,235,404,2011
Garrett Willis,71,58.14,257,442,2011
Trevor Immelman,84,58.09,280,482,2011
Nate Smith,66,58.07,241,415,2011
John Merrick,71,58.03,206,355,2011
Hunter Mahan,92,58.00,290,500,2011
Roland Thatcher,67,58.00,250,431,2011
Kris Blanks,92,57.94,292,504,2011
Justin Rose,79,57.92,245,423,2011
Johnson Wagner,81,57.80,263,455,2011
Steve Marino,76,57.69,270,468,2011
Cameron Tringale,110,57.69,360,624,2011
Chris Kirk,87,57.66,301,522,2011
Scott Piercy,78,57.58,262,455,2011
Matt McQuillan,59,57.57,213,370,2011
Chad Campbell,99,57.54,290,504,2011
Chris Stroud,88,57.31,286,499,2011
Jarrod Lyle,83,57.30,310,541,2011
Vijay Singh,79,57.23,273,477,2011
Jonathan Byrd,83,57.20,290,507,2011
Stewart Cink,72,57.08,242,424,2011
Steve Flesch,88,57.00,346,607,2011
Joe Ogilvie,75,56.98,257,451,2011
Matt Jones,71,56.96,274,481,2011
Alex Cejka,59,56.94,205,360,2011
James Driscoll,71,56.91,243,427,2011
Cameron Beckman,71,56.76,252,444,2011
Bill Lunde,92,56.70,275,485,2011
Scott Gutschewski,67,56.68,225,397,2011
Sung Kang,63,56.68,212,374,2011
Ricky Barnes,78,56.60,266,470,2011
Jim Herman,69,56.53,199,352,2011
Joseph Bramlett,73,56.51,230,407,2011
Andres Romero,77,56.48,279,494,2011
Troy Merritt,63,56.35,222,394,2011
Ian Poulter,52,56.33,178,316,2011
John Rollins,85,56.28,260,462,2011
George McNeill,69,56.23,221,393,2011
Keegan Bradley,91,56.18,300,534,2011
J.J. Henry,96,56.03,288,514,2011
Camilo Villegas,69,55.99,257,459,2011
Stuart Appleby,65,55.90,251,449,2011
Tom Gillis,55,55.86,186,333,2011
Paul Goydos,81,55.79,289,518,2011
Arjun Atwal,91,55.65,335,602,2011
Troy Matteson,91,55.58,299,538,2011
Tommy Gainey,104,55.39,329,594,2011
Tag Ridings,87,55.37,294,531,2011
Colt Knost,80,55.34,280,506,2011
Alexandre Rocha,65,55.21,180,326,2011
Aron Price,58,55.19,170,308,2011
Daniel Summerhays,75,55.07,266,483,2011
Rickie Fowler,84,55.02,285,518,2011
Chez Reavie,92,55.00,286,520,2011
Matt Bettencourt,84,54.97,315,573,2011
Bio Kim,71,54.85,260,474,2011
Kevin Kisner,70,54.85,249,454,2011
Lee Janzen,62,54.84,204,372,2011
John Senden,94,54.77,270,493,2011
Sean O'Hair,71,54.74,254,464,2011
Jeff Overton,92,54.73,318,581,2011
Jhonattan Vegas,84,54.66,258,472,2011
Heath Slocum,89,54.53,247,453,2011
Brendan Steele,89,54.53,295,541,2011
Kent Jones,76,54.50,236,433,2011
Josh Teater,104,54.45,318,584,2011
Zack Miller,86,54.26,306,564,2011
Will Strickler,51,54.21,174,321,2011
Richard Johnson,64,54.19,207,382,2011
Kyle Stanley,98,54.17,279,515,2011
Harrison Frazar,58,54.08,212,392,2011
J.B. Holmes,57,54.06,173,320,2011
Billy Horschel,75,54.03,221,409,2011
Graeme McDowell,50,54.01,155,287,2011
Davis Love III,70,54.00,216,400,2011
Lucas Glover,74,53.74,244,454,2011
Charley Hoffman,93,53.64,295,550,2011
Robert Garrigus,83,53.56,271,506,2011
Scott Stallings,84,53.52,251,469,2011
D.J. Brigman,67,53.49,222,415,2011
Ben Martin,74,52.93,235,444,2011
Rich Beem,53,52.89,192,363,2011
Andres Gonzales,60,52.85,176,333,2011
Boo Weekley,66,52.85,167,316,2011
Marc Turnesa,54,52.80,170,322,2011
David Duval,67,52.66,228,433,2011
Martin Piller,63,52.66,218,414,2011
Kevin Stadler,88,52.39,241,460,2011
Steven Bowditch,86,52.33,281,537,2011
Ángel Cabrera,50,52.17,156,299,2011
Fabián Gómez,84,52.10,248,476,2011
Rocco Mediate,53,51.80,187,361,2011
Michael Bradley,74,51.72,211,408,2011
Bobby Gates,82,51.49,242,470,2011
Dustin Johnson,72,51.24,207,404,2011
Ernie Els,71,51.07,191,374,2011
Derek Lamely,65,50.83,214,421,2011
Bubba Watson,85,50.82,218,429,2011
Justin Hicks,60,50.47,162,321,2011
Alex Prugh,82,47.91,229,478,2011
Dean Wilson,54,67.16,180,268,2010
Brian Gay,101,66.51,429,645,2010
Charlie Wi,95,65.56,375,572,2010
Luke Donald,71,65.41,278,425,2010
Matt Kuchar,97,64.69,339,524,2010
Chris Riley,73,64.47,254,394,2010
Charles Howell III,103,64.46,361,560,2010
Kevin Na,94,64.45,368,571,2010
Chad Collins,87,64.37,336,522,2010
Greg Chalmers,93,64.32,366,569,2010
Steve Elkington,74,64.23,246,383,2010
Retief Goosen,75,63.91,278,435,2010
Justin Rose,78,63.85,302,473,2010
Steve Stricker,73,63.75,262,411,2010
Jeev Milkha Singh,59,63.69,207,325,2010
Jim Furyk,76,63.47,278,438,2010
Freddie Jacobson,83,63.20,304,481,2010
Ryuji Imada,90,63.13,363,575,2010
Heath Slocum,97,62.87,320,509,2010
K.J. Choi,82,62.67,277,442,2010
Tim Clark,88,62.67,319,509,2010
J.B. Holmes,100,62.48,388,621,2010
Kevin Sutherland,86,62.44,271,434,2010
Bryce Molder,84,62.40,312,500,2010
Bo Van Pelt,104,62.33,359,576,2010
Pat Perez,90,62.23,313,503,2010
Mark Wilson,87,62.16,276,444,2010
Carl Pettersson,99,62.06,368,593,2010
Chris DiMarco,88,61.87,305,493,2010
Brian Davis,101,61.85,415,671,2010
Phil Mickelson,76,61.84,295,477,2010
Sean O'Hair,84,61.83,290,469,2010
Kenny Perry,69,61.74,234,379,2010
Jonathan Byrd,85,61.66,283,459,2010
Michael Sim,64,61.58,242,393,2010
Graham DeLaet,88,61.56,261,424,2010
Briny Baird,87,61.49,281,457,2010
Omar Uresti,74,61.44,239,389,2010
David Toms,86,61.29,304,496,2010
Shaun Micheel,70,61.27,242,395,2010
Ernie Els,72,61.23,248,405,2010
Padraig Harrington,57,61.20,235,384,2010
Scott McCarron,90,61.19,339,554,2010
Brandt Snedeker,89,61.19,369,603,2010
Paul Casey,64,60.86,199,327,2010
Andres Romero,73,60.78,279,459,2010
Ryan Moore,80,60.76,288,474,2010
Matt Jones,89,60.61,337,556,2010
Charley Hoffman,85,60.60,303,500,2010
Bob Estes,79,60.48,277,458,2010
Jason Day,82,60.38,288,477,2010
Tim Petrovic,105,60.38,384,636,2010
Boo Weekley,88,60.32,260,431,2010
Tom Gillis,97,60.27,358,594,2010
Nathan Green,86,60.18,343,570,2010
Rory McIlroy,54,60.13,190,316,2010
Ian Poulter,55,59.82,198,331,2010
Jay Williamson,76,59.74,227,380,2010
Jeff Quinney,91,59.70,323,541,2010
Ben Curtis,78,59.69,268,449,2010
Stephen Ames,75,59.67,256,429,2010
J.J. Henry,92,59.62,282,473,2010
Tom Pernice Jr.,74,59.61,214,359,2010
Ricky Barnes,103,59.59,351,589,2010
Trevor Immelman,55,59.52,200,336,2010
Rickie Fowler,98,59.51,316,531,2010
Michael Bradley,77,59.47,245,412,2010
Rod Pampling,77,59.47,289,486,2010
Chad Campbell,94,59.46,308,518,2010
Webb Simpson,98,59.46,355,597,2010
Scott Verplank,74,59.37,282,475,2010
Richard Johnson,90,59.35,276,465,2010
Will MacKenzie,72,59.31,242,408,2010
John Rollins,81,59.27,275,464,2010
Michael Connell,89,59.13,285,482,2010
Joe Durant,67,59.09,182,308,2010
Ben Crane,85,59.06,277,469,2010
Cliff Kresge,50,59.06,163,276,2010
Spencer Levin,110,58.95,326,553,2010
Tim Herron,79,58.86,259,440,2010
Stuart Appleby,101,58.82,400,680,2010
Mike Weir,59,58.80,254,432,2010
Brett Wetterich,54,58.71,182,310,2010
John Mallinger,78,58.67,264,450,2010
Hunter Mahan,85,58.65,278,474,2010
D.A. Points,90,58.65,305,520,2010
Woody Austin,93,58.56,301,514,2010
Aron Price,70,58.53,199,340,2010
Jimmy Walker,82,58.46,280,479,2010
Mathias Grönberg,61,58.36,192,329,2010
Craig Bowden,56,58.31,200,343,2010
Jason Dufner,87,58.24,304,522,2010
Cameron Beckman,68,58.21,227,390,2010
James Nitties,92,58.19,302,519,2010
James Driscoll,78,58.15,271,466,2010
Johnson Wagner,85,58.10,269,463,2010
Matt Bettencourt,91,57.98,345,595,2010
Bill Haas,87,57.96,273,471,2010
Brett Quigley,96,57.93,296,511,2010
Jerry Kelly,99,57.91,322,556,2010
Jarrod Lyle,54,57.84,166,287,2010
Lee Janzen,77,57.81,259,448,2010
Zach Johnson,93,57.66,316,548,2010
John Senden,103,57.65,294,510,2010
Matt Every,60,57.61,212,368,2010
Skip Kendall,58,57.57,194,337,2010
Camilo Villegas,78,57.50,253,440,2010
Jason Bohn,84,57.49,280,487,2010
Bill Lunde,79,57.48,265,461,2010
Chris Tidland,77,57.47,254,442,2010
Vaughn Taylor,87,57.46,285,496,2010
Blake Adams,84,57.43,282,491,2010
Chris Stroud,90,57.40,260,453,2010
Justin Leonard,89,57.32,317,553,2010
Martin Laird,91,57.31,302,527,2010
Roland Thatcher,72,57.24,253,442,2010
Aaron Baddeley,94,57.10,342,599,2010
Stewart Cink,84,57.08,258,452,2010
Derek Lamely,81,57.00,293,514,2010
Rocco Mediate,71,56.96,217,381,2010
John Merrick,109,56.93,308,541,2010
Cameron Percy,73,56.91,206,362,2010
Marc Leishman,87,56.90,297,522,2010
Josh Teater,101,56.83,316,556,2010
Jeff Overton,89,56.80,288,507,2010
Joe Ogilvie,99,56.69,322,568,2010
Kevin Streelman,90,56.59,292,516,2010
Rory Sabbatini,79,56.48,257,455,2010
Vijay Singh,75,56.46,236,418,2010
Alex Cejka,81,56.42,268,475,2010
Robert Allenby,76,56.37,239,424,2010
Steve Marino,81,56.33,267,474,2010
Chris Couch,66,56.28,224,398,2010
Y.E. Yang,72,56.18,241,429,2010
Daniel Chopra,74,56.16,287,511,2010
Geoff Ogilvy,62,56.16,196,349,2010
Michael Letzig,84,56.08,272,485,2010
Kevin Stadler,86,56.00,252,450,2010
Dustin Johnson,83,55.81,264,473,2010
Troy Matteson,84,55.79,241,432,2010
J.P. Hayes,79,55.77,256,459,2010
Jeff Maggert,76,55.77,227,407,2010
Brenden Pappas,66,55.61,208,374,2010
Ryan Palmer,84,55.56,290,522,2010
Brendon de Jonge,114,55.52,317,571,2010
Nick Watney,91,55.51,267,481,2010
Billy Mayfair,78,55.50,212,382,2010
Bubba Watson,77,55.50,242,436,2010
George McNeill,79,55.49,268,483,2010
Paul Stankowski,62,55.48,157,283,2010
Alex Prugh,88,55.35,269,486,2010
Garrett Willis,82,55.32,234,423,2010
Ángel Cabrera,64,55.15,214,388,2010
Steve Flesch,78,55.04,273,496,2010
Paul Goydos,78,55.02,263,478,2010
Troy Merritt,86,54.98,287,522,2010
D.J. Trahan,92,54.83,261,476,2010
David Lutterus,69,54.81,222,405,2010
Scott Piercy,88,54.79,280,511,2010
Charles Warren,64,54.58,161,295,2010
Sergio Garcia,58,54.57,173,317,2010
Justin Bolli,55,54.52,169,310,2010
Brian Stuard,81,54.45,257,472,2010
Brent Delahoussaye,57,54.43,166,305,2010
Davis Love III,79,54.37,230,423,2010
Roger Tambellini,77,54.26,204,376,2010
Mathew Goggin,85,54.21,251,463,2010
Rich Barcelo,70,54.20,239,441,2010
Lucas Glover,75,54.15,235,434,2010
Kris Blanks,91,54.06,233,431,2010
Adam Scott,70,54.03,201,372,2010
Martin Flores,75,54.00,243,450,2010
Chris Wilson,65,53.85,210,390,2010
John Daly,63,53.53,182,340,2010
Garth Mulroy,53,53.41,141,264,2010
Andrew McLardy,52,53.40,157,294,2010
Greg Kraft,52,53.37,174,326,2010
Cameron Tringale,55,53.23,140,263,2010
Greg Owen,69,52.73,203,385,2010
Ted Purdy,86,52.44,279,532,2010
David Duval,71,52.26,220,421,2010
Robert Garrigus,71,51.98,197,379,2010
Steve Wheatcroft,74,51.84,225,434,2010
Kevin Johnson,62,51.32,194,378,2010
Mark Calcavecchia,50,50.96,133,261,2010
Jerod Turner,54,50.88,173,340,2010
Vance Veazey,58,50.72,177,349,2010
Steve Lowery,67,50.38,197,391,2010
Jeff Gove,57,50.36,140,278,2010
Henrik Bjornstad,72,49.59,182,367,2010
Nicholas Thompson,88,49.38,240,486,2010
Brad Faxon,58,47.49,189,398,2010
